data_hora,placa,praca,tipo_veiculo,valor,status
2026-06-11 23:26:25.985925,ABC0044,PRACA_ES_04,Caminhao,30.65,OK
2026-06-12 00:04:25.985925,ABC0005,PRACA_RJ_02,Moto,6.08,OK
2026-06-12 00:21:25.985925,ABC0036,PRACA_RJ_02,Onibus,26.03,OK
2026-06-12 00:39:25.985925,ABC0023,PRACA_MG_03,Caminhao,30.75,OK
2026-06-12 00:39:25.985925,ABC0049,PRACA_RJ_02,Moto,6.22,OK
2026-06-12 00:39:25.985925,ABC0038,PRACA_ES_04,Moto,8.04,OK
2026-06-12 00:41:25.985925,ABC0023,PRACA_ES_04,Onibus,26.22,OK
2026-06-12 00:42:25.985925,ABC0021,PRACA_ES_04,Moto,8.54,OK
2026-06-12 00:42:25.985925,ABC0018,PRACA_RJ_02,Onibus,999.00,OK
2026-06-12 00:42:25.985925,ABC0049,PRACA_ES_04,Caminhao,-31.72,OK
2026-06-12 00:43:25.985925,ABC0006,PRACA_RJ_02,Onibus,27.00,OK
2026-06-12 00:43:25.985925,ABC0007,PRACA_SP_01,Caminhao,-30.18,OK
2026-06-12 00:43:25.985925,ABC0038,PRACA_RJ_02,Caminhao,30.74,OK
2026-06-12 00:43:25.985925,ABC0033,PRACA_ES_04,Onibus,23.81,OK
2026-06-12 00:44:25.985925,ABC0028,PRACA_ES_04,Onibus,24.29,OK
2026-06-12 00:45:25.985925,ABC0024,PRACA_SP_01,Caminhao,-31.10,OK
2026-06-12 00:45:25.985925,ABC0035,PRACA_RJ_02,Carro,16.42,OK
2026-06-12 00:46:25.985925,ABC0002,PRACA_SP_01,Caminhao,31.57,OK
2026-06-12 00:46:25.985925,ABC0041,PRACA_SP_01,Carro,999.00,OK
2026-06-12 00:46:25.985925,ABC0017,PRACA_MG_03,Carro,13.74,OK
2026-06-12 00:46:25.985925,ABC0016,PRACA_RJ_02,Onibus,999.00,OK
2026-06-12 00:46:25.985925,ABC0037,PRACA_ES_04,Moto,7.10,OK
2026-06-12 00:47:25.985925,ABC0015,PRACA_ES_04,Carro,14.18,OK
2026-06-12 00:47:25.985925,ABC0047,PRACA_ES_04,Caminhao,-32.86,OK
2026-06-12 00:47:25.985925,ABC0040,PRACA_ES_04,Onibus,26.41,OK
2026-06-12 00:48:25.985925,ABC0009,PRACA_MG_03,Caminhao,-31.34,OK
2026-06-12 00:48:25.985925,ABC0020,PRACA_RJ_02,Moto,999.00,OK
2026-06-12 00:48:25.985925,ABC0010,PRACA_MG_03,Onibus,999.00,OK
2026-06-12 01:02:25.985925,ABC0002,PRACA_ES_04,Caminhao,33.66,OK
2026-06-12 02:52:25.985925,ABC0036,PRACA_ES_04,Carro,16.25,OK
2026-06-12 02:59:25.985925,ABC0035,PRACA_MG_03,Carro,15.04,OK
2026-06-12 03:44:25.985925,ABC0005,PRACA_MG_03,Caminhao,33.93,OK
2026-06-12 04:41:25.985925,ABC0008,PRACA_RJ_02,Caminhao,31.23,OK
2026-06-12 07:05:25.985925,ABC0046,PRACA_MG_03,Carro,15.37,OK
2026-06-12 07:05:25.985925,ABC0007,PRACA_MG_03,Moto,7.47,OK
2026-06-12 07:29:25.985925,ABC0014,PRACA_SP_01,Onibus,26.01,OK
2026-06-12 07:34:25.985925,ABC0016,PRACA_ES_04,Caminhao,30.20,OK
2026-06-12 07:43:25.985925,ABC0044,PRACA_SP_01,Carro,16.44,OK
2026-06-12 08:40:25.985925,ABC0028,PRACA_RJ_02,Onibus,25.41,OK
2026-06-12 08:48:25.985925,ABC0008,PRACA_ES_04,Carro,17.10,OK
2026-06-12 10:02:25.985925,ABC0019,PRACA_MG_03,Carro,15.75,OK
2026-06-12 10:08:25.985925,ABC0040,PRACA_SP_01,Caminhao,32.31,OK
2026-06-12 10:13:25.985925,ABC0046,PRACA_RJ_02,Onibus,23.09,OK
2026-06-12 11:35:25.985925,ABC0038,PRACA_ES_04,Onibus,25.56,OK
2026-06-12 11:37:25.985925,ABC0020,PRACA_RJ_02,Caminhao,34.00,OK
2026-06-12 12:07:25.985925,ABC0020,PRACA_RJ_02,Moto,7.24,OK
2026-06-12 12:42:25.985925,ABC0013,PRACA_SP_01,Moto,7.77,OK
2026-06-12 12:42:25.985925,ABC0032,PRACA_ES_04,Caminhao,31.59,OK
2026-06-12 12:51:25.985925,ABC0027,PRACA_ES_04,Carro,16.71,OK
2026-06-12 13:44:25.985925,ABC0021,PRACA_SP_01,Carro,15.09,OK
2026-06-12 16:41:25.985925,ABC0047,PRACA_MG_03,Moto,8.48,OK
2026-06-12 17:43:25.985925,ABC0010,PRACA_ES_04,Moto,9.62,OK
2026-06-12 18:19:25.985925,ABC0043,PRACA_ES_04,Carro,17.48,OK
2026-06-12 19:23:25.985925,ABC0039,PRACA_ES_04,Carro,16.35,OK
2026-06-12 19:41:25.985925,ABC0017,PRACA_SP_01,Caminhao,32.55,OK
2026-06-12 19:57:25.985925,ABC0015,PRACA_RJ_02,Onibus,24.13,OK
2026-06-12 20:34:25.985925,ABC0047,PRACA_SP_01,Moto,9.58,OK
2026-06-12 21:38:25.985925,ABC0030,PRACA_RJ_02,Onibus,26.15,OK
2026-06-12 22:16:25.985925,ABC0044,PRACA_MG_03,Moto,8.14,OK
2026-06-12 23:07:25.985925,ABC0040,PRACA_SP_01,Caminhao,31.98,OK
2026-06-12 23:13:25.985925,ABC0022,PRACA_SP_01,Moto,9.35,OK
2026-06-13 00:45:25.985925,ABC0035,PRACA_MG_03,Moto,9.53,OK
2026-06-13 00:49:25.985925,ABC0010,PRACA_SP_01,Moto,6.81,OK
2026-06-13 01:19:25.985925,ABC0013,PRACA_MG_03,Caminhao,30.61,OK
2026-06-13 01:30:25.985925,ABC0020,PRACA_MG_03,Moto,6.17,OK
2026-06-13 01:39:25.985925,ABC0025,PRACA_SP_01,Caminhao,33.14,OK
2026-06-13 02:37:25.985925,ABC0040,PRACA_SP_01,Onibus,24.65,OK
2026-06-13 04:19:25.985925,ABC0048,PRACA_RJ_02,Caminhao,32.03,OK
2026-06-13 06:36:25.985925,ABC0026,PRACA_MG_03,Carro,16.39,OK
2026-06-13 07:43:25.985925,ABC0002,PRACA_RJ_02,Caminhao,30.47,OK
2026-06-13 08:23:25.985925,ABC0046,PRACA_SP_01,Moto,9.59,OK
2026-06-13 08:24:25.985925,ABC0013,PRACA_SP_01,Onibus,23.83,OK
2026-06-13 09:00:25.985925,ABC0046,PRACA_MG_03,Onibus,25.91,OK
2026-06-13 15:21:25.985925,ABC0009,PRACA_ES_04,Carro,16.92,OK
2026-06-13 15:23:25.985925,ABC0027,PRACA_SP_01,Carro,14.11,OK
2026-06-13 15:24:25.985925,ABC0017,PRACA_SP_01,Onibus,24.36,OK
2026-06-13 15:26:25.985925,ABC0044,PRACA_MG_03,Caminhao,33.43,OK
2026-06-13 16:41:25.985925,ABC0042,PRACA_ES_04,Carro,13.88,OK
2026-06-13 17:28:25.985925,ABC0036,PRACA_ES_04,Caminhao,31.72,OK
2026-06-13 19:07:25.985925,ABC0022,PRACA_ES_04,Carro,17.43,OK
2026-06-13 20:52:25.985925,ABC0003,PRACA_ES_04,Caminhao,33.39,OK
2026-06-13 20:54:25.985925,ABC0037,PRACA_SP_01,Carro,14.46,OK
2026-06-13 21:26:25.985925,ABC0042,PRACA_MG_03,Onibus,25.59,OK
2026-06-13 21:58:25.985925,ABC0041,PRACA_RJ_02,Moto,7.89,OK
2026-06-13 23:14:25.985925,ABC0020,PRACA_MG_03,Caminhao,32.82,OK
2026-06-13 23:48:25.985925,ABC0033,PRACA_SP_01,Caminhao,33.82,OK
2026-06-14 01:11:25.985925,ABC0023,PRACA_SP_01,Caminhao,33.06,OK
2026-06-14 01:45:25.985925,ABC0048,PRACA_ES_04,Carro,15.88,OK
2026-06-14 02:01:25.985925,ABC0020,PRACA_SP_01,Moto,9.49,OK
2026-06-14 02:50:25.985925,ABC0006,PRACA_RJ_02,Caminhao,30.85,OK
2026-06-14 02:57:25.985925,ABC0008,PRACA_MG_03,Onibus,23.06,OK
2026-06-14 04:26:25.985925,ABC0049,PRACA_MG_03,Carro,15.64,OK
2026-06-14 04:32:25.985925,ABC0015,PRACA_SP_01,Carro,16.15,OK
2026-06-14 05:06:25.985925,ABC0013,PRACA_RJ_02,Moto,9.96,OK
2026-06-14 05:35:25.985925,ABC0024,PRACA_SP_01,Onibus,23.74,OK
2026-06-14 06:44:25.985925,ABC0036,PRACA_RJ_02,Moto,8.03,OK
2026-06-14 06:46:25.985925,ABC0021,PRACA_ES_04,Onibus,26.10,OK
2026-06-14 08:17:25.985925,ABC0045,PRACA_ES_04,Moto,8.25,OK
2026-06-14 09:09:25.985925,ABC0024,PRACA_SP_01,Onibus,24.23,OK
2026-06-14 10:03:25.985925,ABC0007,PRACA_ES_04,Onibus,23.44,OK
2026-06-14 10:07:25.985925,ABC0033,PRACA_SP_01,Moto,9.01,OK
2026-06-14 10:58:25.985925,ABC0011,PRACA_ES_04,Caminhao,31.41,OK
2026-06-14 11:26:25.985925,ABC0012,PRACA_RJ_02,Onibus,26.53,OK
2026-06-14 11:54:25.985925,ABC0039,PRACA_ES_04,Moto,6.39,OK
2026-06-14 14:04:25.985925,ABC0023,PRACA_RJ_02,Onibus,25.10,OK
2026-06-14 14:30:25.985925,ABC0043,PRACA_ES_04,Caminhao,33.04,OK
2026-06-14 16:14:25.985925,ABC0044,PRACA_ES_04,Carro,17.07,OK
2026-06-14 17:22:25.985925,ABC0017,PRACA_SP_01,Onibus,25.43,OK
2026-06-14 17:28:25.985925,ABC0017,PRACA_RJ_02,Carro,17.14,OK
2026-06-14 18:36:25.985925,ABC0006,PRACA_SP_01,Moto,8.24,OK
2026-06-14 20:29:25.985925,ABC0043,PRACA_ES_04,Carro,16.55,OK
2026-06-14 20:35:25.985925,ABC0008,PRACA_RJ_02,Moto,6.54,OK
2026-06-14 21:12:25.985925,ABC0018,PRACA_MG_03,Carro,16.95,OK
2026-06-14 22:56:25.985925,ABC0012,PRACA_ES_04,Moto,6.52,OK
2026-06-14 23:24:25.985925,ABC0049,PRACA_RJ_02,Moto,8.98,OK
2026-06-14 23:37:25.985925,ABC0036,PRACA_MG_03,Moto,7.47,OK
2026-06-15 00:03:25.985925,ABC0049,PRACA_ES_04,Onibus,27.00,OK
2026-06-15 00:11:25.985925,ABC0049,PRACA_SP_01,Onibus,26.56,OK
2026-06-15 01:49:25.985925,ABC0020,PRACA_ES_04,Carro,13.82,OK
2026-06-15 02:58:25.985925,ABC0029,PRACA_ES_04,Carro,16.68,OK
2026-06-15 03:48:25.985925,ABC0004,PRACA_RJ_02,Moto,9.12,OK
2026-06-15 04:08:25.985925,ABC0045,PRACA_SP_01,Moto,8.65,OK
2026-06-15 04:23:25.985925,ABC0039,PRACA_RJ_02,Onibus,25.50,OK
2026-06-15 05:01:25.985925,ABC0034,PRACA_MG_03,Onibus,24.68,OK
2026-06-15 05:43:25.985925,ABC0041,PRACA_RJ_02,Onibus,24.91,OK
2026-06-15 06:41:25.985925,ABC0017,PRACA_SP_01,Onibus,24.80,OK
2026-06-15 06:53:25.985925,ABC0014,PRACA_SP_01,Onibus,24.70,OK
2026-06-15 07:47:25.985925,ABC0033,PRACA_ES_04,Carro,14.61,OK
2026-06-15 09:01:25.985925,ABC0042,PRACA_RJ_02,Carro,16.88,OK
2026-06-15 09:27:25.985925,ABC0018,PRACA_MG_03,Caminhao,31.35,OK
2026-06-15 10:47:25.985925,ABC0049,PRACA_MG_03,Caminhao,31.16,OK
2026-06-15 11:13:25.985925,ABC0006,PRACA_MG_03,Onibus,25.24,OK
2026-06-15 13:12:25.985925,ABC0007,PRACA_ES_04,Caminhao,30.43,OK
2026-06-15 13:55:25.985925,ABC0003,PRACA_SP_01,Moto,7.04,OK
2026-06-15 17:22:25.985925,ABC0047,PRACA_SP_01,Onibus,23.78,OK
2026-06-15 18:31:25.985925,ABC0008,PRACA_MG_03,Moto,9.12,OK
2026-06-15 18:40:25.985925,ABC0007,PRACA_SP_01,Onibus,26.35,OK
2026-06-15 19:42:25.985925,ABC0013,PRACA_SP_01,Caminhao,32.57,OK
2026-06-15 22:15:25.985925,ABC0007,PRACA_RJ_02,Moto,9.18,OK
2026-06-16 00:04:25.985925,ABC0044,PRACA_SP_01,Carro,14.90,OK
2026-06-16 01:12:25.985925,ABC0010,PRACA_ES_04,Caminhao,30.88,OK
2026-06-16 01:19:25.985925,ABC0038,PRACA_RJ_02,Moto,7.67,OK
2026-06-16 01:32:25.985925,ABC0022,PRACA_MG_03,Moto,7.24,OK
2026-06-16 01:44:25.985925,ABC0019,PRACA_MG_03,Moto,9.69,OK
2026-06-16 01:53:25.985925,ABC0040,PRACA_SP_01,Carro,17.19,OK
2026-06-16 02:01:25.985925,ABC0004,PRACA_ES_04,Moto,9.79,OK
2026-06-16 02:32:25.985925,ABC0025,PRACA_MG_03,Onibus,23.00,OK
2026-06-16 03:01:25.985925,ABC0032,PRACA_RJ_02,Carro,13.98,OK
2026-06-16 03:19:25.985925,ABC0037,PRACA_MG_03,Onibus,24.99,OK
2026-06-16 07:11:25.985925,ABC0008,PRACA_SP_01,Onibus,25.55,OK
2026-06-16 07:30:25.985925,ABC0038,PRACA_RJ_02,Caminhao,31.01,OK
2026-06-16 09:35:25.985925,ABC0001,PRACA_RJ_02,Caminhao,32.59,OK
2026-06-16 10:12:25.985925,ABC0007,PRACA_SP_01,Moto,8.53,OK
2026-06-16 12:37:25.985925,ABC0020,PRACA_MG_03,Onibus,23.34,OK
2026-06-16 13:34:25.985925,ABC0049,PRACA_MG_03,Carro,15.26,OK
2026-06-16 14:00:25.985925,ABC0046,PRACA_MG_03,Caminhao,31.07,OK
2026-06-16 14:24:25.985925,ABC0047,PRACA_SP_01,Onibus,24.45,OK
2026-06-16 14:32:25.985925,ABC0046,PRACA_RJ_02,Onibus,24.61,OK
2026-06-16 14:44:25.985925,ABC0017,PRACA_RJ_02,Carro,13.59,OK
2026-06-16 16:24:25.985925,ABC0024,PRACA_ES_04,Carro,14.95,OK
2026-06-16 16:56:25.985925,ABC0029,PRACA_RJ_02,Onibus,24.56,OK
2026-06-16 17:02:25.985925,ABC0031,PRACA_ES_04,Caminhao,30.41,OK
2026-06-16 17:16:25.985925,ABC0018,PRACA_SP_01,Onibus,23.94,OK
2026-06-16 17:20:25.985925,ABC0028,PRACA_ES_04,Moto,7.19,OK
2026-06-16 17:34:25.985925,ABC0041,PRACA_SP_01,Caminhao,33.18,OK
2026-06-16 18:35:25.985925,ABC0044,PRACA_RJ_02,Moto,9.08,OK
2026-06-16 18:46:25.985925,ABC0029,PRACA_MG_03,Carro,14.90,OK
2026-06-16 19:59:25.985925,ABC0001,PRACA_SP_01,Moto,6.04,OK
2026-06-16 20:40:25.985925,ABC0046,PRACA_SP_01,Onibus,25.67,OK
2026-06-16 21:35:25.985925,ABC0042,PRACA_SP_01,Caminhao,31.20,OK
2026-06-16 22:07:25.985925,ABC0024,PRACA_ES_04,Caminhao,31.87,OK
2026-06-16 22:58:25.985925,ABC0028,PRACA_RJ_02,Caminhao,32.99,OK
2026-06-16 23:21:25.985925,ABC0025,PRACA_ES_04,Carro,15.80,OK
2026-06-16 23:29:25.985925,ABC0045,PRACA_MG_03,Onibus,26.41,OK
2026-06-16 23:43:25.985925,ABC0041,PRACA_ES_04,Carro,16.65,OK
2026-06-17 00:09:25.985925,ABC0036,PRACA_MG_03,Caminhao,31.70,OK
2026-06-17 01:02:25.985925,ABC0020,PRACA_MG_03,Moto,9.30,OK
2026-06-17 02:14:25.985925,ABC0019,PRACA_MG_03,Caminhao,33.55,OK
2026-06-17 02:15:25.985925,ABC0016,PRACA_SP_01,Carro,15.87,OK
2026-06-17 03:13:25.985925,ABC0035,PRACA_ES_04,Moto,8.00,OK
2026-06-17 04:08:25.985925,ABC0026,PRACA_SP_01,Carro,15.52,OK
2026-06-17 04:16:25.985925,ABC0014,PRACA_SP_01,Moto,6.17,OK
2026-06-17 06:32:25.985925,ABC0027,PRACA_RJ_02,Carro,15.82,OK
2026-06-17 06:36:25.985925,ABC0046,PRACA_RJ_02,Caminhao,31.19,OK
2026-06-17 08:38:25.985925,ABC0031,PRACA_MG_03,Onibus,24.14,OK
2026-06-17 11:47:25.985925,ABC0017,PRACA_MG_03,Carro,16.11,OK
2026-06-17 12:36:25.985925,ABC0018,PRACA_ES_04,Caminhao,33.08,OK
2026-06-17 12:37:25.985925,ABC0038,PRACA_MG_03,Onibus,26.41,OK
2026-06-17 13:39:25.985925,ABC0004,PRACA_ES_04,Carro,15.04,OK
2026-06-17 14:45:25.985925,ABC0044,PRACA_MG_03,Onibus,23.99,OK
2026-06-17 17:06:25.985925,ABC0042,PRACA_SP_01,Carro,15.18,OK
2026-06-17 17:34:25.985925,ABC0029,PRACA_MG_03,Caminhao,31.82,OK
2026-06-17 19:00:25.985925,ABC0035,PRACA_MG_03,Moto,6.55,OK
2026-06-17 19:53:25.985925,ABC0024,PRACA_MG_03,Carro,13.75,OK
2026-06-17 20:40:25.985925,ABC0030,PRACA_ES_04,Onibus,23.58,OK
2026-06-17 20:44:25.985925,ABC0043,PRACA_RJ_02,Moto,6.67,OK
2026-06-17 21:19:25.985925,ABC0026,PRACA_MG_03,Onibus,25.19,OK
2026-06-17 21:46:25.985925,ABC0043,PRACA_SP_01,Onibus,25.56,OK
2026-06-17 22:32:25.985925,ABC0001,PRACA_MG_03,Carro,15.18,OK
2026-06-17 22:44:25.985925,ABC0043,PRACA_MG_03,Moto,6.92,OK
2026-06-17 23:19:25.985925,ABC0020,PRACA_ES_04,Onibus,24.57,OK
2026-06-17 23:45:25.985925,ABC0013,PRACA_MG_03,Onibus,23.59,OK
2026-06-18 00:02:25.985925,ABC0034,PRACA_MG_03,Carro,17.44,OK
2026-06-18 00:57:25.985925,ABC0044,PRACA_SP_01,Carro,16.10,OK
2026-06-18 01:55:25.985925,ABC0008,PRACA_MG_03,Onibus,24.92,OK
2026-06-18 02:10:25.985925,ABC0008,PRACA_MG_03,Onibus,26.53,OK
2026-06-18 04:16:25.985925,ABC0047,PRACA_MG_03,Carro,14.39,OK
2026-06-18 05:42:25.985925,ABC0046,PRACA_MG_03,Onibus,25.63,OK
2026-06-18 05:42:25.985925,ABC0031,PRACA_RJ_02,Carro,14.36,OK
2026-06-18 05:51:25.985925,ABC0043,PRACA_RJ_02,Carro,15.41,OK
2026-06-18 07:16:25.985925,ABC0005,PRACA_RJ_02,Caminhao,31.24,OK
2026-06-18 07:40:25.985925,ABC0008,PRACA_MG_03,Moto,7.02,OK
2026-06-18 09:00:25.985925,ABC0024,PRACA_SP_01,Onibus,24.34,OK
2026-06-18 09:03:25.985925,ABC0048,PRACA_ES_04,Onibus,24.16,OK
2026-06-18 09:53:25.985925,ABC0049,PRACA_MG_03,Caminhao,30.49,OK
2026-06-18 11:35:25.985925,ABC0013,PRACA_RJ_02,Onibus,24.13,OK
2026-06-18 11:48:25.985925,ABC0015,PRACA_RJ_02,Onibus,26.46,OK
2026-06-18 12:59:25.985925,ABC0035,PRACA_RJ_02,Carro,15.63,OK
2026-06-18 13:22:25.985925,ABC0029,PRACA_ES_04,Carro,15.10,OK
2026-06-18 13:54:25.985925,ABC0029,PRACA_MG_03,Carro,13.89,OK
2026-06-18 14:06:25.985925,ABC0043,PRACA_RJ_02,Caminhao,32.68,OK
2026-06-18 14:14:25.985925,ABC0006,PRACA_RJ_02,Moto,7.52,OK
2026-06-18 14:31:25.985925,ABC0034,PRACA_SP_01,Carro,14.60,OK
2026-06-18 16:00:25.985925,ABC0027,PRACA_MG_03,Moto,8.32,OK
2026-06-18 16:12:25.985925,ABC0032,PRACA_RJ_02,Moto,8.51,OK
2026-06-18 16:16:25.985925,ABC0014,PRACA_RJ_02,Carro,16.17,OK
2026-06-18 16:31:25.985925,ABC0039,PRACA_RJ_02,Caminhao,31.04,OK
2026-06-18 16:48:25.985925,ABC0046,PRACA_SP_01,Onibus,26.74,OK
2026-06-18 16:59:25.985925,ABC0030,PRACA_ES_04,Moto,9.17,OK
2026-06-18 18:46:25.985925,ABC0002,PRACA_RJ_02,Moto,8.20,OK
2026-06-18 18:57:25.985925,ABC0019,PRACA_ES_04,Caminhao,30.22,OK
2026-06-18 19:42:25.985925,ABC0036,PRACA_RJ_02,Onibus,23.23,OK
2026-06-18 20:08:25.985925,ABC0019,PRACA_ES_04,Onibus,25.31,OK
2026-06-18 20:58:25.985925,ABC0026,PRACA_MG_03,Moto,8.51,OK
2026-06-18 21:12:25.985925,ABC0048,PRACA_ES_04,Carro,14.35,OK
2026-06-18 23:03:25.985925,ABC0013,PRACA_MG_03,Carro,15.31,OK
2026-06-18 23:11:25.985925,ABC0046,PRACA_SP_01,Onibus,23.81,OK
2026-06-19 00:00:25.985925,ABC0018,PRACA_ES_04,Carro,16.53,OK
2026-06-19 00:27:25.985925,ABC0012,PRACA_SP_01,Onibus,26.77,OK
2026-06-19 00:41:25.985925,ABC0028,PRACA_SP_01,Carro,16.51,OK
2026-06-19 02:15:25.985925,ABC0042,PRACA_MG_03,Moto,7.02,OK
2026-06-19 03:00:25.985925,ABC0039,PRACA_SP_01,Caminhao,31.31,OK
2026-06-19 03:58:25.985925,ABC0039,PRACA_SP_01,Caminhao,31.14,OK
2026-06-19 04:13:25.985925,ABC0032,PRACA_RJ_02,Carro,13.61,OK
2026-06-19 04:33:25.985925,ABC0032,PRACA_SP_01,Moto,9.43,OK
2026-06-19 05:57:25.985925,ABC0007,PRACA_MG_03,Onibus,25.77,OK
2026-06-19 06:11:25.985925,ABC0004,PRACA_MG_03,Caminhao,31.17,OK
2026-06-19 07:09:25.985925,ABC0034,PRACA_SP_01,Caminhao,33.70,OK
2026-06-19 07:58:25.985925,ABC0010,PRACA_ES_04,Caminhao,31.56,OK
2026-06-19 08:12:25.985925,ABC0038,PRACA_ES_04,Onibus,24.35,OK
2026-06-19 08:25:25.985925,ABC0011,PRACA_SP_01,Carro,15.91,OK
2026-06-19 08:37:25.985925,ABC0012,PRACA_MG_03,Moto,6.82,OK
2026-06-19 08:58:25.985925,ABC0011,PRACA_RJ_02,Moto,8.86,OK
2026-06-19 09:04:25.985925,ABC0032,PRACA_RJ_02,Onibus,24.74,OK
2026-06-19 09:31:25.985925,ABC0028,PRACA_ES_04,Caminhao,30.50,OK
2026-06-19 09:34:25.985925,ABC0015,PRACA_SP_01,Onibus,23.21,OK
2026-06-19 09:35:25.985925,ABC0043,PRACA_RJ_02,Caminhao,30.10,OK
2026-06-19 10:18:25.985925,ABC0029,PRACA_SP_01,Moto,6.42,OK
2026-06-19 10:58:25.985925,ABC0028,PRACA_RJ_02,Caminhao,31.86,OK
2026-06-19 13:06:25.985925,ABC0043,PRACA_ES_04,Caminhao,30.65,OK
2026-06-19 13:40:25.985925,ABC0031,PRACA_ES_04,Moto,9.70,OK
2026-06-19 14:02:25.985925,ABC0037,PRACA_SP_01,Carro,15.52,OK
2026-06-19 14:17:25.985925,ABC0011,PRACA_ES_04,Onibus,24.25,OK
2026-06-19 14:30:25.985925,ABC0045,PRACA_ES_04,Moto,9.19,OK
2026-06-19 14:35:25.985925,ABC0014,PRACA_SP_01,Carro,16.40,OK
2026-06-19 14:40:25.985925,ABC0019,PRACA_RJ_02,Moto,8.73,OK
2026-06-19 14:56:25.985925,ABC0031,PRACA_SP_01,Caminhao,30.90,OK
2026-06-19 15:07:25.985925,ABC0026,PRACA_RJ_02,Moto,8.60,OK
2026-06-19 15:42:25.985925,ABC0028,PRACA_SP_01,Moto,9.73,OK
2026-06-19 16:08:25.985925,ABC0026,PRACA_RJ_02,Moto,9.34,OK
2026-06-19 16:31:25.985925,ABC0003,PRACA_MG_03,Moto,7.96,OK
2026-06-19 16:43:25.985925,ABC0041,PRACA_RJ_02,Caminhao,31.91,OK
2026-06-19 16:50:25.985925,ABC0026,PRACA_ES_04,Onibus,24.22,OK
2026-06-19 16:52:25.985925,ABC0040,PRACA_ES_04,Carro,15.74,OK
2026-06-19 18:04:25.985925,ABC0006,PRACA_ES_04,Caminhao,30.91,OK
2026-06-19 19:38:25.985925,ABC0007,PRACA_ES_04,Onibus,25.66,OK
2026-06-19 22:02:25.985925,ABC0048,PRACA_ES_04,Carro,16.36,OK
2026-06-19 22:33:25.985925,ABC0028,PRACA_ES_04,Caminhao,32.13,OK
2026-06-19 22:34:25.985925,ABC0012,PRACA_SP_01,Onibus,26.77,OK
2026-06-19 22:41:25.985925,ABC0027,PRACA_MG_03,Moto,8.50,OK
2026-06-19 22:44:25.985925,ABC0025,PRACA_MG_03,Carro,13.74,OK
2026-06-19 22:51:25.985925,ABC0017,PRACA_SP_01,Carro,15.83,OK
2026-06-20 00:02:25.985925,ABC0033,PRACA_MG_03,Moto,9.91,OK
2026-06-20 00:16:25.985925,ABC0045,PRACA_RJ_02,Moto,9.31,OK
2026-06-20 01:07:25.985925,ABC0007,PRACA_SP_01,Moto,8.78,OK
2026-06-20 01:20:25.985925,ABC0027,PRACA_MG_03,Caminhao,30.35,OK
2026-06-20 01:22:25.985925,ABC0038,PRACA_RJ_02,Onibus,26.26,OK
2026-06-20 01:33:25.985925,ABC0006,PRACA_MG_03,Moto,6.10,OK
2026-06-20 01:54:25.985925,ABC0048,PRACA_RJ_02,Caminhao,33.53,OK
2026-06-20 02:07:25.985925,ABC0043,PRACA_MG_03,Moto,9.18,OK
2026-06-20 02:34:25.985925,ABC0030,PRACA_SP_01,Onibus,25.43,OK
2026-06-20 02:45:25.985925,ABC0022,PRACA_RJ_02,Carro,17.25,OK
2026-06-20 03:54:25.985925,ABC0044,PRACA_RJ_02,Onibus,25.19,OK
2026-06-20 04:20:25.985925,ABC0007,PRACA_MG_03,Caminhao,30.80,OK
2026-06-20 04:28:25.985925,ABC0012,PRACA_SP_01,Onibus,24.32,OK
2026-06-20 04:45:25.985925,ABC0049,PRACA_RJ_02,Onibus,24.17,OK
2026-06-20 06:35:25.985925,ABC0030,PRACA_ES_04,Onibus,23.05,OK
2026-06-20 06:57:25.985925,ABC0037,PRACA_SP_01,Carro,15.92,OK
2026-06-20 07:12:25.985925,ABC0028,PRACA_MG_03,Caminhao,32.12,OK
2026-06-20 07:41:25.985925,ABC0019,PRACA_MG_03,Moto,8.18,OK
2026-06-20 08:04:25.985925,ABC0031,PRACA_RJ_02,Onibus,25.79,OK
2026-06-20 09:10:25.985925,ABC0027,PRACA_ES_04,Carro,16.38,OK
2026-06-20 09:23:25.985925,ABC0025,PRACA_RJ_02,Carro,17.49,OK
2026-06-20 09:31:25.985925,ABC0011,PRACA_MG_03,Moto,8.06,OK
2026-06-20 09:46:25.985925,ABC0049,PRACA_RJ_02,Onibus,25.76,OK
2026-06-20 10:54:25.985925,ABC0024,PRACA_RJ_02,Moto,8.82,OK
2026-06-20 11:12:25.985925,ABC0005,PRACA_MG_03,Caminhao,30.72,OK
2026-06-20 11:40:25.985925,ABC0005,PRACA_RJ_02,Moto,7.10,OK
2026-06-20 12:31:25.985925,ABC0005,PRACA_RJ_02,Caminhao,33.66,OK
2026-06-20 12:37:25.985925,ABC0032,PRACA_SP_01,Carro,15.66,OK
2026-06-20 12:42:25.985925,ABC0036,PRACA_MG_03,Carro,17.16,OK
2026-06-20 13:20:25.985925,ABC0024,PRACA_RJ_02,Moto,9.65,OK
2026-06-20 14:05:25.985925,ABC0032,PRACA_MG_03,Carro,17.36,OK
2026-06-20 16:13:25.985925,ABC0042,PRACA_MG_03,Carro,14.93,OK
2026-06-20 16:54:25.985925,ABC0009,PRACA_MG_03,Carro,15.68,OK
2026-06-20 17:44:25.985925,ABC0003,PRACA_RJ_02,Moto,7.02,OK
2026-06-20 17:58:25.985925,ABC0024,PRACA_MG_03,Carro,13.69,OK
2026-06-20 18:17:25.985925,ABC0048,PRACA_RJ_02,Moto,7.09,OK
2026-06-20 19:16:25.985925,ABC0010,PRACA_RJ_02,Moto,9.62,OK
2026-06-20 19:23:25.985925,ABC0032,PRACA_MG_03,Caminhao,30.26,OK
2026-06-20 20:05:25.985925,ABC0016,PRACA_RJ_02,Moto,9.03,OK
2026-06-20 20:19:25.985925,ABC0006,PRACA_ES_04,Onibus,25.17,OK
2026-06-20 20:28:25.985925,ABC0013,PRACA_ES_04,Carro,15.55,OK
2026-06-20 20:57:25.985925,ABC0019,PRACA_MG_03,Carro,13.83,OK
2026-06-20 21:30:25.985925,ABC0033,PRACA_MG_03,Caminhao,30.89,OK
2026-06-20 23:29:25.985925,ABC0001,PRACA_MG_03,Carro,15.26,OK
2026-06-21 00:00:25.985925,ABC0006,PRACA_MG_03,Onibus,26.92,OK
2026-06-21 00:57:25.985925,ABC0029,PRACA_RJ_02,Onibus,24.83,OK
2026-06-21 00:59:25.985925,ABC0037,PRACA_RJ_02,Moto,9.76,OK
2026-06-21 01:11:25.985925,ABC0019,PRACA_MG_03,Carro,15.56,OK
2026-06-21 02:08:25.985925,ABC0028,PRACA_ES_04,Onibus,26.61,OK
2026-06-21 02:18:25.985925,ABC0005,PRACA_ES_04,Carro,16.52,OK
2026-06-21 02:42:25.985925,ABC0003,PRACA_ES_04,Carro,15.04,OK
2026-06-21 02:58:25.985925,ABC0011,PRACA_SP_01,Onibus,26.83,OK
2026-06-21 04:21:25.985925,ABC0045,PRACA_MG_03,Carro,14.99,OK
2026-06-21 05:13:25.985925,ABC0021,PRACA_RJ_02,Onibus,25.48,OK
2026-06-21 05:27:25.985925,ABC0005,PRACA_RJ_02,Carro,17.25,OK
2026-06-21 05:51:25.985925,ABC0047,PRACA_ES_04,Caminhao,30.22,OK
2026-06-21 05:55:25.985925,ABC0042,PRACA_MG_03,Onibus,26.08,OK
2026-06-21 07:59:25.985925,ABC0041,PRACA_ES_04,Moto,6.08,OK
2026-06-21 08:27:25.985925,ABC0007,PRACA_MG_03,Carro,14.78,OK
2026-06-21 09:00:25.985925,ABC0039,PRACA_RJ_02,Carro,16.80,OK
2026-06-21 09:42:25.985925,ABC0037,PRACA_RJ_02,Caminhao,32.53,OK
2026-06-21 09:48:25.985925,ABC0013,PRACA_MG_03,Onibus,23.98,OK
2026-06-21 10:52:25.985925,ABC0002,PRACA_RJ_02,Caminhao,32.85,OK
2026-06-21 11:47:25.985925,ABC0035,PRACA_SP_01,Carro,14.16,OK
2026-06-21 12:25:25.985925,ABC0006,PRACA_RJ_02,Caminhao,33.87,OK
2026-06-21 12:53:25.985925,ABC0016,PRACA_SP_01,Moto,9.12,OK
2026-06-21 13:20:25.985925,ABC0007,PRACA_MG_03,Carro,13.86,OK
2026-06-21 14:30:25.985925,ABC0047,PRACA_SP_01,Caminhao,30.52,OK
2026-06-21 15:32:25.985925,ABC0026,PRACA_SP_01,Moto,9.22,OK
2026-06-21 18:44:25.985925,ABC0001,PRACA_MG_03,Moto,8.52,OK
2026-06-21 19:12:25.985925,ABC0043,PRACA_RJ_02,Carro,17.16,OK
2026-06-21 20:06:25.985925,ABC0009,PRACA_ES_04,Onibus,25.81,OK
2026-06-21 21:01:25.985925,ABC0020,PRACA_SP_01,Carro,17.08,OK
2026-06-21 22:48:25.985925,ABC0026,PRACA_ES_04,Moto,7.55,OK
2026-06-21 23:12:25.985925,ABC0017,PRACA_SP_01,Carro,16.88,OK
2026-06-21 23:38:25.985925,ABC0047,PRACA_SP_01,Onibus,23.53,OK
2026-06-22 00:14:25.985925,ABC0022,PRACA_ES_04,Moto,6.25,OK
2026-06-22 00:35:25.985925,ABC0028,PRACA_RJ_02,Carro,14.56,OK
2026-06-22 00:39:25.985925,ABC0047,PRACA_MG_03,Moto,9.19,OK
2026-06-22 01:48:25.985925,ABC0032,PRACA_ES_04,Carro,16.54,OK
2026-06-22 01:51:25.985925,ABC0031,PRACA_RJ_02,Carro,14.22,OK
2026-06-22 01:58:25.985925,ABC0001,PRACA_RJ_02,Onibus,23.63,OK
2026-06-22 02:05:25.985925,ABC0005,PRACA_ES_04,Onibus,25.27,OK
2026-06-22 02:47:25.985925,ABC0042,PRACA_ES_04,Onibus,25.65,OK
2026-06-22 03:28:25.985925,ABC0007,PRACA_MG_03,Onibus,23.33,OK
2026-06-22 04:02:25.985925,ABC0020,PRACA_RJ_02,Carro,15.35,OK
2026-06-22 04:40:25.985925,ABC0005,PRACA_MG_03,Moto,9.56,OK
2026-06-22 05:55:25.985925,ABC0018,PRACA_RJ_02,Moto,6.84,OK
2026-06-22 05:59:25.985925,ABC0020,PRACA_MG_03,Caminhao,31.45,OK
2026-06-22 06:20:25.985925,ABC0046,PRACA_MG_03,Carro,13.94,OK
2026-06-22 06:26:25.985925,ABC0004,PRACA_MG_03,Caminhao,32.20,OK
2026-06-22 06:37:25.985925,ABC0041,PRACA_SP_01,Onibus,24.04,OK
2026-06-22 06:52:25.985925,ABC0021,PRACA_RJ_02,Onibus,24.48,OK
2026-06-22 07:45:25.985925,ABC0018,PRACA_RJ_02,Caminhao,31.69,OK
2026-06-22 09:17:25.985925,ABC0043,PRACA_SP_01,Carro,16.53,OK
2026-06-22 10:10:25.985925,ABC0028,PRACA_RJ_02,Moto,7.51,OK
2026-06-22 10:42:25.985925,ABC0049,PRACA_ES_04,Moto,6.59,OK
2026-06-22 12:43:25.985925,ABC0033,PRACA_MG_03,Caminhao,30.95,OK
2026-06-22 13:08:25.985925,ABC0042,PRACA_ES_04,Moto,7.51,OK
2026-06-22 13:54:25.985925,ABC0042,PRACA_ES_04,Caminhao,30.99,OK
2026-06-22 13:54:25.985925,ABC0022,PRACA_ES_04,Moto,7.12,OK
2026-06-22 13:58:25.985925,ABC0001,PRACA_MG_03,Caminhao,32.53,OK
2026-06-22 14:49:25.985925,ABC0039,PRACA_RJ_02,Onibus,25.83,OK
2026-06-22 15:04:25.985925,ABC0035,PRACA_MG_03,Onibus,25.59,OK
2026-06-22 15:16:25.985925,ABC0027,PRACA_RJ_02,Caminhao,30.31,OK
2026-06-22 16:11:25.985925,ABC0026,PRACA_MG_03,Carro,15.68,OK
2026-06-22 16:48:25.985925,ABC0022,PRACA_RJ_02,Onibus,26.83,OK
2026-06-22 17:37:25.985925,ABC0044,PRACA_RJ_02,Carro,15.95,OK
2026-06-22 18:38:25.985925,ABC0031,PRACA_ES_04,Carro,15.62,OK
2026-06-22 19:06:25.985925,ABC0049,PRACA_MG_03,Carro,16.94,OK
2026-06-22 19:16:25.985925,ABC0013,PRACA_ES_04,Moto,9.82,OK
2026-06-22 19:46:25.985925,ABC0001,PRACA_ES_04,Onibus,23.40,OK
2026-06-22 19:54:25.985925,ABC0049,PRACA_ES_04,Moto,8.01,OK
2026-06-22 19:57:25.985925,ABC0004,PRACA_RJ_02,Caminhao,33.54,OK
2026-06-22 21:16:25.985925,ABC0006,PRACA_ES_04,Caminhao,32.57,OK
2026-06-22 21:37:25.985925,ABC0032,PRACA_MG_03,Moto,8.98,OK
2026-06-22 21:42:25.985925,ABC0025,PRACA_RJ_02,Moto,8.92,OK
2026-06-23 00:12:25.985925,ABC0022,PRACA_ES_04,Caminhao,32.48,OK
2026-06-23 01:13:25.985925,ABC0036,PRACA_RJ_02,Caminhao,33.63,OK
2026-06-23 01:48:25.985925,ABC0035,PRACA_SP_01,Caminhao,30.59,OK
2026-06-23 01:57:25.985925,ABC0043,PRACA_RJ_02,Caminhao,32.59,OK
2026-06-23 03:14:25.985925,ABC0011,PRACA_ES_04,Carro,13.69,OK
2026-06-23 03:55:25.985925,ABC0035,PRACA_MG_03,Moto,9.96,OK
2026-06-23 04:16:25.985925,ABC0035,PRACA_MG_03,Carro,17.34,OK
2026-06-23 04:37:25.985925,ABC0032,PRACA_MG_03,Moto,9.75,OK
2026-06-23 04:59:25.985925,ABC0001,PRACA_RJ_02,Moto,7.32,OK
2026-06-23 05:02:25.985925,ABC0001,PRACA_SP_01,Carro,17.44,OK
2026-06-23 05:09:25.985925,ABC0015,PRACA_ES_04,Carro,17.43,OK
2026-06-23 07:02:25.985925,ABC0007,PRACA_MG_03,Onibus,24.64,OK
2026-06-23 07:52:25.985925,ABC0041,PRACA_SP_01,Caminhao,31.57,OK
2026-06-23 07:57:25.985925,ABC0005,PRACA_RJ_02,Carro,16.74,OK
2026-06-23 08:49:25.985925,ABC0045,PRACA_MG_03,Moto,8.07,OK
2026-06-23 09:07:25.985925,ABC0016,PRACA_SP_01,Onibus,23.88,OK
2026-06-23 09:44:25.985925,ABC0035,PRACA_ES_04,Moto,6.18,OK
2026-06-23 10:05:25.985925,ABC0018,PRACA_MG_03,Onibus,24.00,OK
2026-06-23 10:37:25.985925,ABC0033,PRACA_MG_03,Onibus,26.68,OK
2026-06-23 11:53:25.985925,ABC0043,PRACA_ES_04,Onibus,26.02,OK
2026-06-23 13:35:25.985925,ABC0040,PRACA_MG_03,Moto,9.88,OK
2026-06-23 13:56:25.985925,ABC0039,PRACA_ES_04,Carro,13.92,OK
2026-06-23 14:19:25.985925,ABC0045,PRACA_ES_04,Onibus,23.40,OK
2026-06-23 15:49:25.985925,ABC0049,PRACA_RJ_02,Moto,6.75,OK
2026-06-23 18:25:25.985925,ABC0029,PRACA_MG_03,Moto,8.04,OK
2026-06-23 18:29:25.985925,ABC0045,PRACA_MG_03,Moto,9.29,OK
2026-06-23 18:46:25.985925,ABC0014,PRACA_SP_01,Moto,9.36,OK
2026-06-23 19:40:25.985925,ABC0014,PRACA_MG_03,Carro,14.39,OK
2026-06-23 20:31:25.985925,ABC0029,PRACA_MG_03,Carro,14.25,OK
2026-06-23 20:53:25.985925,ABC0049,PRACA_ES_04,Moto,7.17,OK
2026-06-23 22:03:25.985925,ABC0049,PRACA_MG_03,Caminhao,32.88,OK
2026-06-23 23:21:25.985925,ABC0028,PRACA_MG_03,Moto,9.52,OK
2026-06-23 23:59:25.985925,ABC0012,PRACA_MG_03,Moto,7.16,OK
2026-06-24 00:17:25.985925,ABC0021,PRACA_SP_01,Onibus,24.50,OK
2026-06-24 00:38:25.985925,ABC0006,PRACA_MG_03,Caminhao,31.86,OK
2026-06-24 00:52:25.985925,ABC0045,PRACA_SP_01,Carro,16.99,OK
2026-06-24 00:53:25.985925,ABC0017,PRACA_MG_03,Carro,15.13,OK
2026-06-24 01:45:25.985925,ABC0022,PRACA_RJ_02,Onibus,26.35,OK
2026-06-24 02:23:25.985925,ABC0005,PRACA_RJ_02,Moto,7.08,OK
2026-06-24 02:55:25.985925,ABC0044,PRACA_SP_01,Caminhao,31.75,OK
2026-06-24 03:04:25.985925,ABC0004,PRACA_RJ_02,Caminhao,33.50,OK
2026-06-24 03:17:25.985925,ABC0010,PRACA_ES_04,Moto,7.40,OK
2026-06-24 03:33:25.985925,ABC0012,PRACA_MG_03,Onibus,24.63,OK
2026-06-24 03:48:25.985925,ABC0008,PRACA_ES_04,Carro,15.42,OK
2026-06-24 03:54:25.985925,ABC0022,PRACA_ES_04,Caminhao,32.54,OK
2026-06-24 04:05:25.985925,ABC0042,PRACA_ES_04,Moto,8.44,OK
2026-06-24 04:56:25.985925,ABC0026,PRACA_MG_03,Carro,15.01,OK
2026-06-24 06:19:25.985925,ABC0013,PRACA_ES_04,Caminhao,32.49,OK
2026-06-24 07:19:25.985925,ABC0036,PRACA_RJ_02,Caminhao,31.04,OK
2026-06-24 07:32:25.985925,ABC0005,PRACA_MG_03,Carro,14.67,OK
2026-06-24 07:38:25.985925,ABC0040,PRACA_ES_04,Carro,17.26,OK
2026-06-24 08:41:25.985925,ABC0036,PRACA_SP_01,Carro,16.78,OK
2026-06-24 08:49:25.985925,ABC0031,PRACA_SP_01,Onibus,24.06,OK
2026-06-24 08:55:25.985925,ABC0026,PRACA_SP_01,Onibus,24.53,OK
2026-06-24 09:07:25.985925,ABC0041,PRACA_MG_03,Carro,15.89,OK
2026-06-24 10:12:25.985925,ABC0023,PRACA_SP_01,Onibus,25.04,OK
2026-06-24 11:57:25.985925,ABC0048,PRACA_SP_01,Caminhao,32.09,OK
2026-06-24 12:42:25.985925,ABC0003,PRACA_ES_04,Onibus,24.38,OK
2026-06-24 12:53:25.985925,ABC0032,PRACA_MG_03,Moto,8.45,OK
2026-06-24 13:04:25.985925,ABC0001,PRACA_SP_01,Moto,9.08,OK
2026-06-24 14:06:25.985925,ABC0032,PRACA_SP_01,Moto,6.79,OK
2026-06-24 14:57:25.985925,ABC0034,PRACA_RJ_02,Caminhao,32.87,OK
2026-06-24 15:26:25.985925,ABC0043,PRACA_MG_03,Onibus,24.37,OK
2026-06-24 15:49:25.985925,ABC0009,PRACA_SP_01,Onibus,23.64,OK
2026-06-24 17:18:25.985925,ABC0005,PRACA_RJ_02,Caminhao,31.79,OK
2026-06-24 17:25:25.985925,ABC0012,PRACA_ES_04,Caminhao,30.99,OK
2026-06-24 19:28:25.985925,ABC0030,PRACA_RJ_02,Carro,15.83,OK
2026-06-24 21:10:25.985925,ABC0002,PRACA_ES_04,Carro,15.62,OK
2026-06-24 22:02:25.985925,ABC0009,PRACA_MG_03,Carro,13.78,OK
2026-06-24 22:06:25.985925,ABC0019,PRACA_ES_04,Carro,17.05,OK
2026-06-24 22:23:25.985925,ABC0049,PRACA_ES_04,Carro,16.52,OK
2026-06-24 22:34:25.985925,ABC0012,PRACA_MG_03,Caminhao,32.96,OK
2026-06-24 23:39:25.985925,ABC0044,PRACA_MG_03,Carro,16.27,OK
2026-06-24 23:49:25.985925,ABC0008,PRACA_MG_03,Carro,15.40,OK
2026-06-25 00:16:25.985925,ABC0037,PRACA_SP_01,Carro,17.44,OK
2026-06-25 00:57:25.985925,ABC0001,PRACA_ES_04,Moto,8.01,OK
2026-06-25 01:44:25.985925,ABC0004,PRACA_ES_04,Onibus,23.28,OK
2026-06-25 03:16:25.985925,ABC0047,PRACA_ES_04,Moto,7.61,OK
2026-06-25 04:05:25.985925,ABC0041,PRACA_RJ_02,Caminhao,33.68,OK
2026-06-25 04:32:25.985925,ABC0012,PRACA_SP_01,Caminhao,32.07,OK
2026-06-25 05:38:25.985925,ABC0002,PRACA_ES_04,Carro,16.19,OK
2026-06-25 06:13:25.985925,ABC0023,PRACA_SP_01,Caminhao,32.45,OK
2026-06-25 06:26:25.985925,ABC0048,PRACA_MG_03,Onibus,23.88,OK
2026-06-25 07:53:25.985925,ABC0030,PRACA_SP_01,Caminhao,33.29,OK
2026-06-25 08:29:25.985925,ABC0013,PRACA_RJ_02,Carro,16.24,OK
2026-06-25 08:33:25.985925,ABC0010,PRACA_MG_03,Caminhao,31.56,OK
2026-06-25 09:40:25.985925,ABC0019,PRACA_MG_03,Moto,9.89,OK
2026-06-25 10:01:25.985925,ABC0013,PRACA_RJ_02,Onibus,25.07,OK
2026-06-25 10:14:25.985925,ABC0033,PRACA_RJ_02,Carro,16.87,OK
2026-06-25 11:37:25.985925,ABC0047,PRACA_MG_03,Caminhao,30.19,OK
2026-06-25 12:53:25.985925,ABC0020,PRACA_MG_03,Carro,14.06,OK
2026-06-25 13:11:25.985925,ABC0010,PRACA_RJ_02,Onibus,23.36,OK
2026-06-25 13:45:25.985925,ABC0014,PRACA_ES_04,Moto,8.13,OK
2026-06-25 13:57:25.985925,ABC0028,PRACA_RJ_02,Caminhao,31.09,OK
2026-06-25 14:39:25.985925,ABC0024,PRACA_ES_04,Moto,8.97,OK
2026-06-25 15:04:25.985925,ABC0009,PRACA_RJ_02,Onibus,23.26,OK
2026-06-25 19:18:25.985925,ABC0025,PRACA_SP_01,Caminhao,31.88,OK
2026-06-25 19:48:25.985925,ABC0048,PRACA_ES_04,Moto,9.02,OK
2026-06-25 19:55:25.985925,ABC0026,PRACA_RJ_02,Onibus,23.98,OK
2026-06-25 20:19:25.985925,ABC0042,PRACA_RJ_02,Caminhao,33.44,OK
2026-06-25 21:26:25.985925,ABC0017,PRACA_RJ_02,Caminhao,30.91,OK
2026-06-25 21:42:25.985925,ABC0033,PRACA_RJ_02,Caminhao,30.60,OK
2026-06-25 22:35:25.985925,ABC0011,PRACA_RJ_02,Carro,15.84,OK
2026-06-25 22:54:25.985925,ABC0010,PRACA_ES_04,Carro,14.28,OK
2026-06-26 01:08:25.985925,ABC0024,PRACA_SP_01,Onibus,24.01,OK
2026-06-26 01:29:25.985925,ABC0043,PRACA_MG_03,Caminhao,32.97,OK
2026-06-26 01:37:25.985925,ABC0032,PRACA_RJ_02,Onibus,24.08,OK
2026-06-26 01:49:25.985925,ABC0012,PRACA_ES_04,Caminhao,32.84,OK
2026-06-26 02:15:25.985925,ABC0015,PRACA_SP_01,Caminhao,33.19,OK
2026-06-26 02:18:25.985925,ABC0044,PRACA_SP_01,Onibus,23.87,OK
2026-06-26 02:26:25.985925,ABC0011,PRACA_RJ_02,Onibus,23.56,OK
2026-06-26 02:27:25.985925,ABC0027,PRACA_SP_01,Carro,14.23,OK
2026-06-26 03:02:25.985925,ABC0005,PRACA_RJ_02,Caminhao,31.20,OK
2026-06-26 03:05:25.985925,ABC0009,PRACA_MG_03,Moto,6.43,OK
2026-06-26 03:52:25.985925,ABC0007,PRACA_RJ_02,Caminhao,30.58,OK
2026-06-26 05:54:25.985925,ABC0001,PRACA_MG_03,Moto,7.31,OK
2026-06-26 06:00:25.985925,ABC0003,PRACA_ES_04,Onibus,24.32,OK
2026-06-26 06:30:25.985925,ABC0034,PRACA_MG_03,Carro,13.83,OK
2026-06-26 06:46:25.985925,ABC0031,PRACA_ES_04,Carro,13.79,OK
2026-06-26 06:56:25.985925,ABC0046,PRACA_MG_03,Caminhao,30.08,OK
2026-06-26 08:18:25.985925,ABC0047,PRACA_SP_01,Moto,9.81,OK
2026-06-26 08:56:25.985925,ABC0007,PRACA_ES_04,Onibus,23.36,OK
2026-06-26 09:01:25.985925,ABC0012,PRACA_ES_04,Onibus,23.35,OK
2026-06-26 09:39:25.985925,ABC0008,PRACA_RJ_02,Onibus,25.61,OK
2026-06-26 13:19:25.985925,ABC0041,PRACA_RJ_02,Caminhao,32.43,OK
2026-06-26 14:29:25.985925,ABC0038,PRACA_ES_04,Caminhao,31.75,OK
2026-06-26 14:38:25.985925,ABC0020,PRACA_ES_04,Carro,14.88,OK
2026-06-26 14:38:25.985925,ABC0047,PRACA_ES_04,Carro,17.08,OK
2026-06-26 15:16:25.985925,ABC0042,PRACA_MG_03,Moto,6.13,OK
2026-06-26 16:00:25.985925,ABC0046,PRACA_RJ_02,Onibus,24.24,OK
2026-06-26 16:20:25.985925,ABC0038,PRACA_MG_03,Moto,8.60,OK
2026-06-26 16:44:25.985925,ABC0045,PRACA_ES_04,Moto,6.31,OK
2026-06-26 17:57:25.985925,ABC0044,PRACA_MG_03,Moto,6.05,OK
2026-06-26 18:55:25.985925,ABC0037,PRACA_RJ_02,Onibus,26.30,OK
2026-06-26 19:16:25.985925,ABC0022,PRACA_RJ_02,Carro,14.81,OK
2026-06-26 19:45:25.985925,ABC0012,PRACA_RJ_02,Onibus,26.05,OK
2026-06-26 20:36:25.985925,ABC0007,PRACA_MG_03,Carro,14.42,OK
2026-06-26 21:18:25.985925,ABC0019,PRACA_SP_01,Onibus,26.00,OK
2026-06-26 21:21:25.985925,ABC0017,PRACA_SP_01,Caminhao,32.14,OK
2026-06-26 21:38:25.985925,ABC0019,PRACA_SP_01,Moto,6.10,OK
2026-06-26 22:19:25.985925,ABC0043,PRACA_RJ_02,Caminhao,32.89,OK
2026-06-26 22:56:25.985925,ABC0046,PRACA_ES_04,Caminhao,33.60,OK
2026-06-26 23:05:25.985925,ABC0003,PRACA_ES_04,Caminhao,32.82,OK
2026-06-26 23:18:25.985925,ABC0034,PRACA_ES_04,Onibus,25.04,OK
2026-06-27 00:55:25.985925,ABC0043,PRACA_RJ_02,Carro,14.83,OK
2026-06-27 01:06:25.985925,ABC0025,PRACA_MG_03,Carro,17.18,OK
2026-06-27 01:36:25.985925,ABC0007,PRACA_SP_01,Moto,9.42,OK
2026-06-27 01:47:25.985925,ABC0025,PRACA_ES_04,Caminhao,33.43,OK
2026-06-27 02:40:25.985925,ABC0013,PRACA_RJ_02,Moto,9.18,OK
2026-06-27 03:36:25.985925,ABC0001,PRACA_RJ_02,Onibus,25.45,OK
2026-06-27 05:20:25.985925,ABC0020,PRACA_SP_01,Caminhao,30.06,OK
2026-06-27 05:42:25.985925,ABC0032,PRACA_RJ_02,Moto,7.17,OK
2026-06-27 05:59:25.985925,ABC0010,PRACA_MG_03,Caminhao,33.97,OK
2026-06-27 06:17:25.985925,ABC0030,PRACA_RJ_02,Onibus,24.54,OK
2026-06-27 06:18:25.985925,ABC0002,PRACA_ES_04,Carro,14.44,OK
2026-06-27 06:45:25.985925,ABC0013,PRACA_RJ_02,Caminhao,31.17,OK
2026-06-27 06:59:25.985925,ABC0033,PRACA_SP_01,Onibus,24.33,OK
2026-06-27 07:00:25.985925,ABC0024,PRACA_SP_01,Caminhao,32.53,OK
2026-06-27 07:08:25.985925,ABC0012,PRACA_ES_04,Onibus,23.40,OK
2026-06-27 07:09:25.985925,ABC0039,PRACA_MG_03,Caminhao,30.87,OK
2026-06-27 07:18:25.985925,ABC0015,PRACA_MG_03,Moto,9.32,OK
2026-06-27 08:13:25.985925,ABC0004,PRACA_MG_03,Caminhao,30.27,OK
2026-06-27 08:55:25.985925,ABC0042,PRACA_MG_03,Onibus,25.30,OK
2026-06-27 09:41:25.985925,ABC0049,PRACA_ES_04,Caminhao,33.06,OK
2026-06-27 10:42:25.985925,ABC0002,PRACA_SP_01,Carro,15.33,OK
2026-06-27 11:06:25.985925,ABC0021,PRACA_ES_04,Caminhao,30.02,OK
2026-06-27 11:32:25.985925,ABC0029,PRACA_MG_03,Onibus,23.22,OK
2026-06-27 11:58:25.985925,ABC0001,PRACA_RJ_02,Caminhao,30.97,OK
2026-06-27 15:27:25.985925,ABC0011,PRACA_ES_04,Moto,7.27,OK
2026-06-27 20:21:25.985925,ABC0021,PRACA_MG_03,Carro,13.90,OK
2026-06-27 20:48:25.985925,ABC0048,PRACA_MG_03,Caminhao,32.46,OK
2026-06-27 22:03:25.985925,ABC0028,PRACA_MG_03,Caminhao,32.56,OK
2026-06-28 00:23:25.985925,ABC0018,PRACA_MG_03,Onibus,24.80,OK
2026-06-28 00:32:25.985925,ABC0016,PRACA_RJ_02,Moto,6.83,OK
2026-06-28 01:27:25.985925,ABC0038,PRACA_SP_01,Caminhao,32.96,OK
2026-06-28 01:47:25.985925,ABC0032,PRACA_MG_03,Carro,17.05,OK
2026-06-28 02:05:25.985925,ABC0035,PRACA_RJ_02,Caminhao,33.23,OK
2026-06-28 02:14:25.985925,ABC0020,PRACA_MG_03,Caminhao,33.77,OK
2026-06-28 02:42:25.985925,ABC0043,PRACA_ES_04,Caminhao,31.23,OK
2026-06-28 03:06:25.985925,ABC0024,PRACA_MG_03,Onibus,23.16,OK
2026-06-28 03:14:25.985925,ABC0005,PRACA_MG_03,Onibus,23.33,OK
2026-06-28 03:31:25.985925,ABC0032,PRACA_MG_03,Caminhao,32.11,OK
2026-06-28 04:32:25.985925,ABC0013,PRACA_MG_03,Caminhao,32.11,OK
2026-06-28 04:39:25.985925,ABC0038,PRACA_SP_01,Onibus,24.06,OK
2026-06-28 04:57:25.985925,ABC0021,PRACA_RJ_02,Onibus,23.27,OK
2026-06-28 05:38:25.985925,ABC0007,PRACA_SP_01,Caminhao,31.30,OK
2026-06-28 05:45:25.985925,ABC0014,PRACA_MG_03,Caminhao,31.26,OK
2026-06-28 05:47:25.985925,ABC0004,PRACA_MG_03,Caminhao,30.08,OK
2026-06-28 07:13:25.985925,ABC0030,PRACA_MG_03,Onibus,25.86,OK
2026-06-28 07:32:25.985925,ABC0004,PRACA_ES_04,Onibus,24.02,OK
2026-06-28 07:53:25.985925,ABC0031,PRACA_MG_03,Carro,14.33,OK
2026-06-28 08:10:25.985925,ABC0020,PRACA_MG_03,Caminhao,30.25,OK
2026-06-28 08:42:25.985925,ABC0018,PRACA_RJ_02,Caminhao,31.31,OK
2026-06-28 11:08:25.985925,ABC0013,PRACA_MG_03,Onibus,25.38,OK
2026-06-28 12:32:25.985925,ABC0019,PRACA_RJ_02,Carro,14.70,OK
2026-06-28 12:55:25.985925,ABC0002,PRACA_ES_04,Carro,15.64,OK
2026-06-28 13:59:25.985925,ABC0012,PRACA_RJ_02,Onibus,23.12,OK
2026-06-28 14:03:25.985925,ABC0003,PRACA_MG_03,Moto,9.37,OK
2026-06-28 15:11:25.985925,ABC0017,PRACA_ES_04,Caminhao,31.38,OK
2026-06-28 15:17:25.985925,ABC0024,PRACA_ES_04,Caminhao,32.84,OK
2026-06-28 16:05:25.985925,ABC0032,PRACA_SP_01,Moto,7.93,OK
2026-06-28 16:13:25.985925,ABC0010,PRACA_RJ_02,Onibus,24.36,OK
2026-06-28 17:16:25.985925,ABC0027,PRACA_ES_04,Carro,15.05,OK
2026-06-28 18:16:25.985925,ABC0005,PRACA_MG_03,Onibus,23.88,OK
2026-06-28 19:03:25.985925,ABC0002,PRACA_MG_03,Carro,13.70,OK
2026-06-28 19:27:25.985925,ABC0049,PRACA_MG_03,Caminhao,33.47,OK
2026-06-28 19:46:25.985925,ABC0033,PRACA_MG_03,Carro,16.38,OK
2026-06-28 20:10:25.985925,ABC0012,PRACA_ES_04,Caminhao,33.24,OK
2026-06-28 20:10:25.985925,ABC0022,PRACA_RJ_02,Caminhao,30.11,OK
2026-06-28 20:35:25.985925,ABC0028,PRACA_MG_03,Onibus,26.66,OK
2026-06-28 21:47:25.985925,ABC0041,PRACA_ES_04,Moto,6.62,OK
2026-06-28 22:14:25.985925,ABC0028,PRACA_RJ_02,Carro,14.78,OK
2026-06-28 22:56:25.985925,ABC0041,PRACA_SP_01,Caminhao,30.63,OK
2026-06-29 00:37:25.985925,ABC0028,PRACA_MG_03,Moto,7.42,OK
2026-06-29 01:36:25.985925,ABC0027,PRACA_MG_03,Carro,14.49,OK
2026-06-29 02:18:25.985925,ABC0022,PRACA_MG_03,Onibus,23.69,OK
2026-06-29 04:05:25.985925,ABC0003,PRACA_RJ_02,Carro,15.43,OK
2026-06-29 04:17:25.985925,ABC0033,PRACA_RJ_02,Carro,14.32,OK
2026-06-29 05:08:25.985925,ABC0027,PRACA_SP_01,Moto,8.84,OK
2026-06-29 07:06:25.985925,ABC0040,PRACA_SP_01,Caminhao,31.27,OK
2026-06-29 08:10:25.985925,ABC0002,PRACA_MG_03,Caminhao,32.49,OK
2026-06-29 09:10:25.985925,ABC0017,PRACA_RJ_02,Caminhao,33.33,OK
2026-06-29 10:09:25.985925,ABC0002,PRACA_MG_03,Onibus,26.37,OK
2026-06-29 10:21:25.985925,ABC0014,PRACA_MG_03,Onibus,26.49,OK
2026-06-29 10:33:25.985925,ABC0023,PRACA_SP_01,Carro,14.86,OK
2026-06-29 11:40:25.985925,ABC0035,PRACA_RJ_02,Carro,15.14,OK
2026-06-29 14:43:25.985925,ABC0028,PRACA_RJ_02,Carro,16.59,OK
2026-06-29 15:05:25.985925,ABC0002,PRACA_ES_04,Onibus,25.76,OK
2026-06-29 15:12:25.985925,ABC0036,PRACA_SP_01,Onibus,23.27,OK
2026-06-29 15:18:25.985925,ABC0021,PRACA_SP_01,Carro,16.62,OK
2026-06-29 15:28:25.985925,ABC0006,PRACA_RJ_02,Onibus,26.69,OK
2026-06-29 15:58:25.985925,ABC0025,PRACA_RJ_02,Caminhao,30.51,OK
2026-06-29 16:42:25.985925,ABC0030,PRACA_RJ_02,Onibus,26.93,OK
2026-06-29 17:59:25.985925,ABC0008,PRACA_ES_04,Carro,16.58,OK
2026-06-29 19:12:25.985925,ABC0022,PRACA_ES_04,Caminhao,30.46,OK
2026-06-29 19:18:25.985925,ABC0021,PRACA_MG_03,Onibus,26.03,OK
2026-06-29 19:31:25.985925,ABC0008,PRACA_ES_04,Carro,13.79,OK
2026-06-29 19:55:25.985925,ABC0018,PRACA_MG_03,Carro,13.63,OK
2026-06-29 20:01:25.985925,ABC0016,PRACA_RJ_02,Caminhao,31.94,OK
2026-06-29 20:21:25.985925,ABC0029,PRACA_RJ_02,Caminhao,30.56,OK
2026-06-29 22:14:25.985925,ABC0040,PRACA_RJ_02,Caminhao,31.55,OK
2026-06-29 23:37:25.985925,ABC0013,PRACA_RJ_02,Caminhao,32.30,OK
2026-06-30 00:10:25.985925,ABC0010,PRACA_RJ_02,Moto,6.75,OK
2026-06-30 01:08:25.985925,ABC0031,PRACA_SP_01,Moto,8.04,OK
2026-06-30 02:32:25.985925,ABC0006,PRACA_SP_01,Moto,7.10,OK
2026-06-30 02:39:25.985925,ABC0008,PRACA_RJ_02,Onibus,26.70,OK
2026-06-30 03:45:25.985925,ABC0008,PRACA_SP_01,Carro,14.13,OK
2026-06-30 04:12:25.985925,ABC0033,PRACA_MG_03,Moto,8.02,OK
2026-06-30 04:47:25.985925,ABC0027,PRACA_MG_03,Carro,16.10,OK
2026-06-30 06:15:25.985925,ABC0047,PRACA_SP_01,Onibus,24.86,OK
2026-06-30 06:35:25.985925,ABC0042,PRACA_RJ_02,Moto,6.54,OK
2026-06-30 07:20:25.985925,ABC0026,PRACA_ES_04,Moto,8.96,OK
2026-06-30 08:08:25.985925,ABC0024,PRACA_SP_01,Caminhao,30.72,OK
2026-06-30 08:31:25.985925,ABC0005,PRACA_SP_01,Moto,9.37,OK
2026-06-30 08:35:25.985925,ABC0044,PRACA_SP_01,Caminhao,30.07,OK
2026-06-30 08:43:25.985925,ABC0009,PRACA_ES_04,Onibus,24.95,OK
2026-06-30 08:44:25.985925,ABC0023,PRACA_RJ_02,Carro,13.91,OK
2026-06-30 09:05:25.985925,ABC0017,PRACA_ES_04,Carro,14.87,OK
2026-06-30 09:12:25.985925,ABC0011,PRACA_SP_01,Moto,6.99,OK
2026-06-30 10:05:25.985925,ABC0028,PRACA_ES_04,Moto,6.61,OK
2026-06-30 11:05:25.985925,ABC0017,PRACA_ES_04,Caminhao,31.97,OK
2026-06-30 11:47:25.985925,ABC0004,PRACA_ES_04,Moto,8.09,OK
2026-06-30 12:04:25.985925,ABC0005,PRACA_ES_04,Onibus,23.83,OK
2026-06-30 12:22:25.985925,ABC0002,PRACA_MG_03,Caminhao,32.18,OK
2026-06-30 12:29:25.985925,ABC0019,PRACA_ES_04,Onibus,25.08,OK
2026-06-30 12:42:25.985925,ABC0026,PRACA_RJ_02,Moto,7.17,OK
2026-06-30 12:51:25.985925,ABC0024,PRACA_MG_03,Caminhao,31.56,OK
2026-06-30 15:10:25.985925,ABC0045,PRACA_SP_01,Onibus,23.32,OK
2026-06-30 16:38:25.985925,ABC0036,PRACA_ES_04,Carro,16.02,OK
2026-06-30 16:38:25.985925,ABC0001,PRACA_MG_03,Caminhao,32.92,OK
2026-06-30 17:07:25.985925,ABC0003,PRACA_ES_04,Onibus,25.47,OK
2026-06-30 17:28:25.985925,ABC0002,PRACA_MG_03,Carro,16.36,OK
2026-06-30 17:28:25.985925,ABC0003,PRACA_SP_01,Caminhao,33.86,OK
2026-06-30 17:39:25.985925,ABC0040,PRACA_MG_03,Carro,17.41,OK
2026-06-30 18:14:25.985925,ABC0049,PRACA_SP_01,Onibus,24.65,OK
2026-06-30 19:01:25.985925,ABC0013,PRACA_RJ_02,Carro,14.33,OK
2026-06-30 19:34:25.985925,ABC0015,PRACA_MG_03,Onibus,27.00,OK
2026-06-30 19:47:25.985925,ABC0041,PRACA_SP_01,Onibus,25.86,OK
2026-06-30 20:53:25.985925,ABC0040,PRACA_MG_03,Carro,15.68,OK
2026-06-30 22:29:25.985925,ABC0033,PRACA_MG_03,Moto,9.21,OK
2026-06-30 22:35:25.985925,ABC0003,PRACA_MG_03,Onibus,24.14,OK
2026-06-30 23:46:25.985925,ABC0020,PRACA_ES_04,Moto,9.55,OK
2026-07-01 00:43:25.985925,ABC0045,PRACA_SP_01,Onibus,23.04,OK
2026-07-01 04:16:25.985925,ABC0037,PRACA_SP_01,Onibus,23.81,OK
2026-07-01 04:17:25.985925,ABC0012,PRACA_ES_04,Caminhao,33.32,OK
2026-07-01 07:07:25.985925,ABC0002,PRACA_RJ_02,Caminhao,32.48,OK
2026-07-01 07:28:25.985925,ABC0036,PRACA_RJ_02,Moto,7.04,OK
2026-07-01 07:37:25.985925,ABC0001,PRACA_ES_04,Moto,7.29,OK
2026-07-01 07:44:25.985925,ABC0032,PRACA_SP_01,Onibus,24.81,OK
2026-07-01 08:02:25.985925,ABC0036,PRACA_RJ_02,Moto,7.52,OK
2026-07-01 08:51:25.985925,ABC0024,PRACA_ES_04,Carro,17.35,OK
2026-07-01 09:40:25.985925,ABC0019,PRACA_MG_03,Moto,7.35,OK
2026-07-01 10:56:25.985925,ABC0027,PRACA_ES_04,Carro,16.93,OK
2026-07-01 13:23:25.985925,ABC0047,PRACA_SP_01,Caminhao,30.95,OK
2026-07-01 13:46:25.985925,ABC0027,PRACA_SP_01,Caminhao,31.73,OK
2026-07-01 15:39:25.985925,ABC0006,PRACA_ES_04,Moto,7.48,OK
2026-07-01 16:00:25.985925,ABC0009,PRACA_SP_01,Moto,7.62,OK
2026-07-01 16:43:25.985925,ABC0027,PRACA_RJ_02,Moto,8.74,OK
2026-07-01 17:56:25.985925,ABC0031,PRACA_MG_03,Carro,16.94,OK
2026-07-01 18:05:25.985925,ABC0016,PRACA_ES_04,Moto,9.92,OK
2026-07-01 18:47:25.985925,ABC0008,PRACA_MG_03,Onibus,26.30,OK
2026-07-01 20:22:25.985925,ABC0020,PRACA_MG_03,Carro,15.07,OK
2026-07-01 21:45:25.985925,ABC0008,PRACA_SP_01,Moto,9.51,OK
2026-07-01 22:16:25.985925,ABC0046,PRACA_ES_04,Carro,16.32,OK
2026-07-01 23:25:25.985925,ABC0042,PRACA_RJ_02,Caminhao,30.12,OK
2026-07-01 23:47:25.985925,ABC0030,PRACA_SP_01,Onibus,25.10,OK
2026-07-02 03:31:25.985925,ABC0032,PRACA_SP_01,Caminhao,30.13,OK
2026-07-02 04:28:25.985925,ABC0028,PRACA_ES_04,Moto,6.25,OK
2026-07-02 05:51:25.985925,ABC0037,PRACA_RJ_02,Caminhao,30.23,OK
2026-07-02 05:52:25.985925,ABC0012,PRACA_SP_01,Caminhao,31.38,OK
2026-07-02 06:53:25.985925,ABC0017,PRACA_SP_01,Caminhao,31.76,OK
2026-07-02 07:39:25.985925,ABC0013,PRACA_ES_04,Onibus,25.94,OK
2026-07-02 07:49:25.985925,ABC0014,PRACA_ES_04,Caminhao,33.09,OK
2026-07-02 08:12:25.985925,ABC0011,PRACA_SP_01,Moto,9.90,OK
2026-07-02 08:51:25.985925,ABC0029,PRACA_MG_03,Moto,8.47,OK
2026-07-02 10:34:25.985925,ABC0028,PRACA_ES_04,Carro,15.63,OK
2026-07-02 10:50:25.985925,ABC0033,PRACA_MG_03,Onibus,23.01,OK
2026-07-02 10:57:25.985925,ABC0021,PRACA_SP_01,Onibus,24.74,OK
2026-07-02 11:07:25.985925,ABC0035,PRACA_ES_04,Onibus,26.21,OK
2026-07-02 12:40:25.985925,ABC0027,PRACA_MG_03,Caminhao,32.51,OK
2026-07-02 13:11:25.985925,ABC0027,PRACA_MG_03,Carro,14.43,OK
2026-07-02 13:28:25.985925,ABC0010,PRACA_SP_01,Carro,15.62,OK
2026-07-02 15:39:25.985925,ABC0034,PRACA_MG_03,Caminhao,30.25,OK
2026-07-02 16:19:25.985925,ABC0022,PRACA_ES_04,Caminhao,32.79,OK
2026-07-02 16:45:25.985925,ABC0014,PRACA_RJ_02,Caminhao,31.12,OK
2026-07-02 16:54:25.985925,ABC0008,PRACA_RJ_02,Carro,17.44,OK
2026-07-02 17:34:25.985925,ABC0042,PRACA_ES_04,Onibus,23.08,OK
2026-07-02 17:46:25.985925,ABC0039,PRACA_RJ_02,Caminhao,33.54,OK
2026-07-02 18:07:25.985925,ABC0046,PRACA_ES_04,Carro,16.04,OK
2026-07-02 19:45:25.985925,ABC0045,PRACA_RJ_02,Moto,8.17,OK
2026-07-02 19:53:25.985925,ABC0020,PRACA_MG_03,Onibus,23.18,OK
2026-07-02 20:34:25.985925,ABC0049,PRACA_ES_04,Carro,17.50,OK
2026-07-02 21:16:25.985925,ABC0033,PRACA_ES_04,Moto,9.14,OK
2026-07-02 23:47:25.985925,ABC0018,PRACA_SP_01,Moto,8.89,OK
2026-07-03 01:23:25.985925,ABC0011,PRACA_MG_03,Carro,17.44,OK
2026-07-03 02:14:25.985925,ABC0016,PRACA_RJ_02,Onibus,26.15,OK
2026-07-03 02:27:25.985925,ABC0024,PRACA_MG_03,Onibus,26.33,OK
2026-07-03 08:17:25.985925,ABC0014,PRACA_ES_04,Caminhao,32.60,OK
2026-07-03 10:29:25.985925,ABC0048,PRACA_MG_03,Moto,6.16,OK
2026-07-03 11:03:25.985925,ABC0017,PRACA_MG_03,Caminhao,32.32,OK
2026-07-03 11:44:25.985925,ABC0012,PRACA_SP_01,Caminhao,31.22,OK
2026-07-03 11:53:25.985925,ABC0004,PRACA_SP_01,Carro,13.70,OK
2026-07-03 13:00:25.985925,ABC0005,PRACA_RJ_02,Moto,7.81,OK
2026-07-03 13:10:25.985925,ABC0006,PRACA_SP_01,Onibus,24.00,OK
2026-07-03 13:19:25.985925,ABC0039,PRACA_ES_04,Carro,16.94,OK
2026-07-03 13:34:25.985925,ABC0031,PRACA_MG_03,Moto,8.15,OK
2026-07-03 14:00:25.985925,ABC0034,PRACA_ES_04,Carro,17.00,OK
2026-07-03 16:13:25.985925,ABC0008,PRACA_SP_01,Onibus,26.54,OK
2026-07-03 16:44:25.985925,ABC0036,PRACA_RJ_02,Caminhao,30.55,OK
2026-07-03 16:49:25.985925,ABC0011,PRACA_MG_03,Moto,8.30,OK
2026-07-03 17:26:25.985925,ABC0014,PRACA_MG_03,Onibus,26.61,OK
2026-07-03 17:37:25.985925,ABC0020,PRACA_MG_03,Carro,16.03,OK
2026-07-03 17:52:25.985925,ABC0021,PRACA_ES_04,Caminhao,31.36,OK
2026-07-03 18:51:25.985925,ABC0020,PRACA_ES_04,Moto,9.97,OK
2026-07-03 19:08:25.985925,ABC0041,PRACA_RJ_02,Caminhao,30.31,OK
2026-07-03 20:42:25.985925,ABC0026,PRACA_RJ_02,Moto,7.81,OK
2026-07-03 21:07:25.985925,ABC0010,PRACA_SP_01,Caminhao,32.22,OK
2026-07-03 21:42:25.985925,ABC0001,PRACA_MG_03,Caminhao,32.57,OK
2026-07-03 21:48:25.985925,ABC0019,PRACA_MG_03,Onibus,24.68,OK
2026-07-03 23:16:25.985925,ABC0042,PRACA_MG_03,Caminhao,32.20,OK
2026-07-04 00:27:25.985925,ABC0033,PRACA_SP_01,Caminhao,32.17,OK
2026-07-04 00:46:25.985925,ABC0006,PRACA_SP_01,Onibus,25.71,OK
2026-07-04 00:48:25.985925,ABC0032,PRACA_RJ_02,Onibus,23.23,OK
2026-07-04 03:50:25.985925,ABC0024,PRACA_RJ_02,Onibus,23.63,OK
2026-07-04 04:21:25.985925,ABC0011,PRACA_ES_04,Moto,9.50,OK
2026-07-04 04:58:25.985925,ABC0034,PRACA_SP_01,Moto,6.64,OK
2026-07-04 05:35:25.985925,ABC0034,PRACA_MG_03,Onibus,24.05,OK
2026-07-04 09:19:25.985925,ABC0033,PRACA_RJ_02,Carro,14.61,OK
2026-07-04 09:42:25.985925,ABC0007,PRACA_RJ_02,Onibus,25.06,OK
2026-07-04 10:30:25.985925,ABC0010,PRACA_ES_04,Onibus,24.93,OK
2026-07-04 10:44:25.985925,ABC0047,PRACA_RJ_02,Onibus,24.65,OK
2026-07-04 11:00:25.985925,ABC0030,PRACA_RJ_02,Caminhao,31.08,OK
2026-07-04 11:46:25.985925,ABC0045,PRACA_SP_01,Moto,7.99,OK
2026-07-04 12:23:25.985925,ABC0009,PRACA_ES_04,Onibus,25.28,OK
2026-07-04 12:36:25.985925,ABC0037,PRACA_RJ_02,Moto,7.93,OK
2026-07-04 13:04:25.985925,ABC0009,PRACA_MG_03,Carro,16.95,OK
2026-07-04 14:02:25.985925,ABC0021,PRACA_ES_04,Moto,7.60,OK
2026-07-04 14:12:25.985925,ABC0024,PRACA_RJ_02,Carro,16.62,OK
2026-07-04 14:35:25.985925,ABC0015,PRACA_MG_03,Onibus,25.95,OK
2026-07-04 14:53:25.985925,ABC0039,PRACA_MG_03,Carro,15.85,OK
2026-07-04 15:30:25.985925,ABC0011,PRACA_RJ_02,Moto,8.74,OK
2026-07-04 16:07:25.985925,ABC0013,PRACA_ES_04,Moto,9.24,OK
2026-07-04 18:33:25.985925,ABC0014,PRACA_ES_04,Moto,8.46,OK
2026-07-04 22:09:25.985925,ABC0034,PRACA_SP_01,Onibus,26.80,OK
2026-07-04 22:23:25.985925,ABC0022,PRACA_MG_03,Moto,9.48,OK
2026-07-04 23:14:25.985925,ABC0008,PRACA_RJ_02,Carro,16.95,OK
2026-07-05 01:08:25.985925,ABC0002,PRACA_SP_01,Carro,14.02,OK
2026-07-05 01:47:25.985925,ABC0020,PRACA_ES_04,Caminhao,30.03,OK
2026-07-05 01:59:25.985925,ABC0022,PRACA_ES_04,Carro,14.92,OK
2026-07-05 03:43:25.985925,ABC0048,PRACA_MG_03,Caminhao,31.07,OK
2026-07-05 03:52:25.985925,ABC0044,PRACA_RJ_02,Moto,8.41,OK
2026-07-05 04:05:25.985925,ABC0024,PRACA_SP_01,Moto,7.36,OK
2026-07-05 04:20:25.985925,ABC0042,PRACA_RJ_02,Carro,16.67,OK
2026-07-05 05:20:25.985925,ABC0027,PRACA_RJ_02,Moto,8.03,OK
2026-07-05 05:27:25.985925,ABC0011,PRACA_SP_01,Moto,6.16,OK
2026-07-05 06:03:25.985925,ABC0036,PRACA_ES_04,Onibus,24.23,OK
2026-07-05 06:05:25.985925,ABC0022,PRACA_ES_04,Moto,8.32,OK
2026-07-05 06:06:25.985925,ABC0048,PRACA_ES_04,Moto,7.58,OK
2026-07-05 06:26:25.985925,ABC0001,PRACA_RJ_02,Carro,16.67,OK
2026-07-05 07:39:25.985925,ABC0034,PRACA_RJ_02,Caminhao,31.76,OK
2026-07-05 07:53:25.985925,ABC0036,PRACA_RJ_02,Carro,14.91,OK
2026-07-05 08:05:25.985925,ABC0041,PRACA_ES_04,Carro,14.97,OK
2026-07-05 09:12:25.985925,ABC0023,PRACA_SP_01,Carro,16.80,OK
2026-07-05 10:12:25.985925,ABC0022,PRACA_SP_01,Carro,14.34,OK
2026-07-05 10:33:25.985925,ABC0038,PRACA_RJ_02,Caminhao,32.21,OK
2026-07-05 10:52:25.985925,ABC0010,PRACA_RJ_02,Caminhao,32.10,OK
2026-07-05 11:59:25.985925,ABC0042,PRACA_ES_04,Onibus,25.77,OK
2026-07-05 12:03:25.985925,ABC0021,PRACA_RJ_02,Moto,7.16,OK
2026-07-05 12:04:25.985925,ABC0031,PRACA_SP_01,Carro,16.52,OK
2026-07-05 12:09:25.985925,ABC0023,PRACA_SP_01,Moto,8.36,OK
2026-07-05 12:54:25.985925,ABC0034,PRACA_RJ_02,Moto,6.79,OK
2026-07-05 13:06:25.985925,ABC0046,PRACA_RJ_02,Caminhao,30.14,OK
2026-07-05 13:15:25.985925,ABC0042,PRACA_ES_04,Moto,9.89,OK
2026-07-05 13:32:25.985925,ABC0028,PRACA_SP_01,Carro,14.39,OK
2026-07-05 14:10:25.985925,ABC0040,PRACA_MG_03,Moto,6.31,OK
2026-07-05 15:06:25.985925,ABC0003,PRACA_RJ_02,Onibus,26.86,OK
2026-07-05 15:41:25.985925,ABC0014,PRACA_MG_03,Caminhao,30.11,OK
2026-07-05 15:53:25.985925,ABC0023,PRACA_SP_01,Moto,6.79,OK
2026-07-05 16:29:25.985925,ABC0004,PRACA_ES_04,Carro,16.86,OK
2026-07-05 17:11:25.985925,ABC0030,PRACA_MG_03,Onibus,24.53,OK
2026-07-05 17:36:25.985925,ABC0004,PRACA_ES_04,Carro,15.72,OK
2026-07-05 17:38:25.985925,ABC0008,PRACA_SP_01,Caminhao,33.47,OK
2026-07-05 17:51:25.985925,ABC0027,PRACA_RJ_02,Caminhao,32.31,OK
2026-07-05 19:14:25.985925,ABC0018,PRACA_SP_01,Onibus,26.11,OK
2026-07-05 19:38:25.985925,ABC0007,PRACA_SP_01,Moto,8.96,OK
2026-07-05 19:59:25.985925,ABC0012,PRACA_ES_04,Onibus,25.47,OK
2026-07-05 21:24:25.985925,ABC0044,PRACA_ES_04,Caminhao,33.46,OK
2026-07-05 22:53:25.985925,ABC0029,PRACA_SP_01,Carro,16.11,OK
2026-07-05 23:07:25.985925,ABC0028,PRACA_SP_01,Carro,16.21,OK
2026-07-05 23:47:25.985925,ABC0034,PRACA_MG_03,Caminhao,33.14,OK
2026-07-05 23:48:25.985925,ABC0048,PRACA_MG_03,Caminhao,32.30,OK
2026-07-06 00:23:25.985925,ABC0015,PRACA_SP_01,Carro,14.34,OK
2026-07-06 00:35:25.985925,ABC0039,PRACA_ES_04,Onibus,24.20,OK
2026-07-06 00:44:25.985925,ABC0005,PRACA_RJ_02,Moto,9.49,OK
2026-07-06 00:54:25.985925,ABC0042,PRACA_MG_03,Moto,8.54,OK
2026-07-06 00:59:25.985925,ABC0044,PRACA_MG_03,Caminhao,33.92,OK
2026-07-06 01:15:25.985925,ABC0011,PRACA_RJ_02,Carro,16.40,OK
2026-07-06 01:18:25.985925,ABC0003,PRACA_MG_03,Moto,9.25,OK
2026-07-06 02:57:25.985925,ABC0033,PRACA_RJ_02,Carro,16.50,OK
2026-07-06 03:11:25.985925,ABC0036,PRACA_ES_04,Onibus,24.58,OK
2026-07-06 03:17:25.985925,ABC0049,PRACA_ES_04,Carro,15.64,OK
2026-07-06 05:26:25.985925,ABC0049,PRACA_RJ_02,Carro,13.98,OK
2026-07-06 05:37:25.985925,ABC0017,PRACA_ES_04,Carro,13.93,OK
2026-07-06 05:45:25.985925,ABC0044,PRACA_ES_04,Onibus,25.83,OK
2026-07-06 06:11:25.985925,ABC0008,PRACA_ES_04,Moto,8.32,OK
2026-07-06 08:06:25.985925,ABC0017,PRACA_SP_01,Onibus,26.18,OK
2026-07-06 09:23:25.985925,ABC0029,PRACA_ES_04,Onibus,26.54,OK
2026-07-06 10:25:25.985925,ABC0012,PRACA_RJ_02,Moto,9.65,OK
2026-07-06 10:54:25.985925,ABC0039,PRACA_ES_04,Onibus,24.61,OK
2026-07-06 11:53:25.985925,ABC0041,PRACA_SP_01,Onibus,24.35,OK
2026-07-06 12:05:25.985925,ABC0027,PRACA_ES_04,Moto,6.22,OK
2026-07-06 12:27:25.985925,ABC0043,PRACA_SP_01,Moto,8.98,OK
2026-07-06 14:06:25.985925,ABC0010,PRACA_RJ_02,Carro,16.39,OK
2026-07-06 16:50:25.985925,ABC0049,PRACA_SP_01,Onibus,26.39,OK
2026-07-06 17:34:25.985925,ABC0002,PRACA_MG_03,Onibus,26.25,OK
2026-07-06 17:51:25.985925,ABC0036,PRACA_SP_01,Caminhao,31.71,OK
2026-07-06 18:16:25.985925,ABC0040,PRACA_SP_01,Carro,14.80,OK
2026-07-06 19:23:25.985925,ABC0006,PRACA_ES_04,Carro,15.75,OK
2026-07-06 19:33:25.985925,ABC0007,PRACA_SP_01,Caminhao,33.10,OK
2026-07-06 20:00:25.985925,ABC0044,PRACA_SP_01,Carro,14.54,OK
2026-07-06 20:39:25.985925,ABC0028,PRACA_ES_04,Moto,7.62,OK
2026-07-06 22:14:25.985925,ABC0031,PRACA_SP_01,Moto,8.39,OK
2026-07-06 22:24:25.985925,ABC0021,PRACA_RJ_02,Carro,13.70,OK
2026-07-07 01:12:25.985925,ABC0009,PRACA_SP_01,Moto,9.17,OK
2026-07-07 01:21:25.985925,ABC0031,PRACA_MG_03,Moto,8.73,OK
2026-07-07 01:28:25.985925,ABC0007,PRACA_MG_03,Caminhao,31.42,OK
2026-07-07 01:40:25.985925,ABC0018,PRACA_RJ_02,Moto,8.85,OK
2026-07-07 02:32:25.985925,ABC0020,PRACA_RJ_02,Carro,16.85,OK
2026-07-07 03:08:25.985925,ABC0010,PRACA_SP_01,Carro,17.47,OK
2026-07-07 03:14:25.985925,ABC0045,PRACA_RJ_02,Carro,17.13,OK
2026-07-07 03:55:25.985925,ABC0005,PRACA_MG_03,Moto,9.89,OK
2026-07-07 04:43:25.985925,ABC0018,PRACA_MG_03,Onibus,24.16,OK
2026-07-07 05:45:25.985925,ABC0014,PRACA_ES_04,Moto,6.60,OK
2026-07-07 06:24:25.985925,ABC0028,PRACA_RJ_02,Caminhao,33.76,OK
2026-07-07 06:41:25.985925,ABC0006,PRACA_MG_03,Carro,15.45,OK
2026-07-07 06:53:25.985925,ABC0041,PRACA_RJ_02,Onibus,25.69,OK
2026-07-07 07:45:25.985925,ABC0045,PRACA_RJ_02,Moto,9.29,OK
2026-07-07 07:50:25.985925,ABC0012,PRACA_RJ_02,Onibus,26.41,OK
2026-07-07 08:00:25.985925,ABC0017,PRACA_MG_03,Carro,16.54,OK
2026-07-07 08:20:25.985925,ABC0030,PRACA_SP_01,Moto,8.65,OK
2026-07-07 10:02:25.985925,ABC0004,PRACA_SP_01,Onibus,26.06,OK
2026-07-07 10:06:25.985925,ABC0040,PRACA_SP_01,Moto,7.48,OK
2026-07-07 10:47:25.985925,ABC0043,PRACA_SP_01,Caminhao,30.64,OK
2026-07-07 13:57:25.985925,ABC0041,PRACA_RJ_02,Onibus,23.07,OK
2026-07-07 16:26:25.985925,ABC0009,PRACA_MG_03,Onibus,26.36,OK
2026-07-07 16:46:25.985925,ABC0023,PRACA_RJ_02,Moto,7.44,OK
2026-07-07 16:55:25.985925,ABC0023,PRACA_ES_04,Onibus,24.54,OK
2026-07-07 17:12:25.985925,ABC0044,PRACA_RJ_02,Caminhao,31.37,OK
2026-07-07 17:15:25.985925,ABC0013,PRACA_RJ_02,Caminhao,31.34,OK
2026-07-07 17:47:25.985925,ABC0026,PRACA_ES_04,Moto,9.44,OK
2026-07-07 18:16:25.985925,ABC0031,PRACA_ES_04,Carro,17.00,OK
2026-07-07 18:36:25.985925,ABC0046,PRACA_SP_01,Moto,9.43,OK
2026-07-07 18:48:25.985925,ABC0015,PRACA_RJ_02,Caminhao,31.97,OK
2026-07-07 19:09:25.985925,ABC0040,PRACA_SP_01,Moto,7.74,OK
2026-07-07 19:58:25.985925,ABC0048,PRACA_RJ_02,Caminhao,30.33,OK
2026-07-07 20:10:25.985925,ABC0014,PRACA_ES_04,Onibus,26.42,OK
2026-07-07 22:33:25.985925,ABC0003,PRACA_RJ_02,Caminhao,31.61,OK
2026-07-07 22:34:25.985925,ABC0023,PRACA_SP_01,Caminhao,30.08,OK
2026-07-07 23:51:25.985925,ABC0042,PRACA_ES_04,Caminhao,33.55,OK
2026-07-08 00:03:25.985925,ABC0032,PRACA_RJ_02,Caminhao,30.40,OK
2026-07-08 01:09:25.985925,ABC0015,PRACA_RJ_02,Moto,7.48,OK
2026-07-08 02:27:25.985925,ABC0002,PRACA_RJ_02,Carro,14.53,OK
2026-07-08 03:28:25.985925,ABC0014,PRACA_ES_04,Caminhao,32.42,OK
2026-07-08 04:01:25.985925,ABC0014,PRACA_RJ_02,Carro,13.80,OK
2026-07-08 06:39:25.985925,ABC0008,PRACA_SP_01,Onibus,25.29,OK
2026-07-08 08:13:25.985925,ABC0030,PRACA_ES_04,Moto,9.92,OK
2026-07-08 09:08:25.985925,ABC0013,PRACA_MG_03,Onibus,26.46,OK
2026-07-08 09:45:25.985925,ABC0042,PRACA_ES_04,Onibus,24.42,OK
2026-07-08 10:56:25.985925,ABC0023,PRACA_MG_03,Moto,6.94,OK
2026-07-08 11:17:25.985925,ABC0007,PRACA_SP_01,Carro,13.72,OK
2026-07-08 11:22:25.985925,ABC0012,PRACA_RJ_02,Onibus,23.99,OK
2026-07-08 15:21:25.985925,ABC0041,PRACA_SP_01,Moto,9.76,OK
2026-07-08 15:41:25.985925,ABC0007,PRACA_ES_04,Carro,14.19,OK
2026-07-08 16:22:25.985925,ABC0003,PRACA_RJ_02,Caminhao,32.14,OK
2026-07-08 17:18:25.985925,ABC0014,PRACA_MG_03,Caminhao,30.70,OK
2026-07-08 18:12:25.985925,ABC0002,PRACA_MG_03,Moto,8.63,OK
2026-07-08 18:48:25.985925,ABC0008,PRACA_RJ_02,Moto,7.92,OK
2026-07-08 19:18:25.985925,ABC0029,PRACA_RJ_02,Caminhao,32.29,OK
2026-07-08 19:21:25.985925,ABC0010,PRACA_RJ_02,Carro,14.81,OK
2026-07-08 19:28:25.985925,ABC0013,PRACA_RJ_02,Moto,8.12,OK
2026-07-08 20:13:25.985925,ABC0039,PRACA_RJ_02,Onibus,25.87,OK
2026-07-08 20:33:25.985925,ABC0017,PRACA_MG_03,Carro,16.20,OK
2026-07-08 21:39:25.985925,ABC0017,PRACA_ES_04,Onibus,23.50,OK
2026-07-09 00:27:25.985925,ABC0049,PRACA_RJ_02,Carro,17.35,OK
2026-07-09 00:46:25.985925,ABC0012,PRACA_MG_03,Onibus,26.13,OK
2026-07-09 01:28:25.985925,ABC0036,PRACA_MG_03,Moto,7.51,OK
2026-07-09 03:26:25.985925,ABC0010,PRACA_SP_01,Carro,16.73,OK
2026-07-09 04:36:25.985925,ABC0003,PRACA_MG_03,Carro,15.06,OK
2026-07-09 05:10:25.985925,ABC0033,PRACA_ES_04,Onibus,25.44,OK
2026-07-09 05:25:25.985925,ABC0034,PRACA_SP_01,Caminhao,33.72,OK
2026-07-09 06:24:25.985925,ABC0010,PRACA_ES_04,Moto,8.42,OK
2026-07-09 07:00:25.985925,ABC0040,PRACA_MG_03,Onibus,25.79,OK
2026-07-09 08:01:25.985925,ABC0001,PRACA_ES_04,Onibus,23.17,OK
2026-07-09 08:20:25.985925,ABC0006,PRACA_MG_03,Moto,8.28,OK
2026-07-09 11:23:25.985925,ABC0014,PRACA_SP_01,Carro,16.03,OK
2026-07-09 12:14:25.985925,ABC0005,PRACA_ES_04,Moto,6.71,OK
2026-07-09 12:55:25.985925,ABC0002,PRACA_SP_01,Moto,6.93,OK
2026-07-09 13:54:25.985925,ABC0017,PRACA_ES_04,Caminhao,30.95,OK
2026-07-09 14:08:25.985925,ABC0006,PRACA_ES_04,Onibus,25.67,OK
2026-07-09 14:31:25.985925,ABC0030,PRACA_ES_04,Caminhao,32.92,OK
2026-07-09 15:15:25.985925,ABC0045,PRACA_MG_03,Onibus,26.95,OK
2026-07-09 15:37:25.985925,ABC0027,PRACA_RJ_02,Caminhao,32.55,OK
2026-07-09 16:01:25.985925,ABC0048,PRACA_RJ_02,Onibus,23.71,OK
2026-07-09 16:09:25.985925,ABC0031,PRACA_ES_04,Onibus,25.16,OK
2026-07-09 16:22:25.985925,ABC0030,PRACA_MG_03,Caminhao,33.41,OK
2026-07-09 16:31:25.985925,ABC0006,PRACA_RJ_02,Carro,16.47,OK
2026-07-09 17:32:25.985925,ABC0047,PRACA_ES_04,Caminhao,31.94,OK
2026-07-09 17:57:25.985925,ABC0004,PRACA_RJ_02,Caminhao,31.64,OK
2026-07-09 18:19:25.985925,ABC0001,PRACA_MG_03,Caminhao,33.61,OK
2026-07-09 20:18:25.985925,ABC0040,PRACA_ES_04,Carro,16.88,OK
2026-07-09 21:00:25.985925,ABC0042,PRACA_SP_01,Caminhao,31.86,OK
2026-07-09 22:00:25.985925,ABC0012,PRACA_MG_03,Caminhao,33.01,OK
2026-07-09 22:24:25.985925,ABC0027,PRACA_RJ_02,Caminhao,30.24,OK
2026-07-09 22:25:25.985925,ABC0010,PRACA_ES_04,Carro,13.83,OK
2026-07-10 00:54:25.985925,ABC0040,PRACA_RJ_02,Caminhao,33.78,OK
2026-07-10 02:37:25.985925,ABC0013,PRACA_RJ_02,Caminhao,31.71,OK
2026-07-10 04:11:25.985925,ABC0017,PRACA_ES_04,Moto,9.11,OK
2026-07-10 04:26:25.985925,ABC0014,PRACA_MG_03,Caminhao,32.46,OK
2026-07-10 05:12:25.985925,ABC0009,PRACA_RJ_02,Caminhao,32.47,OK
2026-07-10 06:10:25.985925,ABC0021,PRACA_RJ_02,Caminhao,33.73,OK
2026-07-10 07:52:25.985925,ABC0025,PRACA_SP_01,Onibus,23.88,OK
2026-07-10 08:43:25.985925,ABC0047,PRACA_MG_03,Moto,6.08,OK
2026-07-10 08:44:25.985925,ABC0007,PRACA_ES_04,Caminhao,32.25,OK
2026-07-10 08:59:25.985925,ABC0047,PRACA_RJ_02,Onibus,23.32,OK
2026-07-10 10:46:25.985925,ABC0013,PRACA_SP_01,Moto,8.16,OK
2026-07-10 11:19:25.985925,ABC0004,PRACA_ES_04,Carro,15.27,OK
2026-07-10 12:02:25.985925,ABC0011,PRACA_ES_04,Onibus,26.45,OK
2026-07-10 12:16:25.985925,ABC0015,PRACA_RJ_02,Moto,6.00,OK
2026-07-10 13:40:25.985925,ABC0041,PRACA_ES_04,Carro,14.75,OK
2026-07-10 13:55:25.985925,ABC0038,PRACA_RJ_02,Onibus,24.84,OK
2026-07-10 14:23:25.985925,ABC0010,PRACA_ES_04,Caminhao,31.76,OK
2026-07-10 15:03:25.985925,ABC0047,PRACA_SP_01,Caminhao,33.99,OK
2026-07-10 16:17:25.985925,ABC0008,PRACA_ES_04,Onibus,23.33,OK
2026-07-10 18:32:25.985925,ABC0016,PRACA_ES_04,Onibus,23.06,OK
2026-07-10 18:39:25.985925,ABC0023,PRACA_SP_01,Carro,14.20,OK
2026-07-10 19:58:25.985925,ABC0011,PRACA_SP_01,Moto,6.88,OK
2026-07-10 20:50:25.985925,ABC0026,PRACA_MG_03,Onibus,24.87,OK
2026-07-10 21:40:25.985925,ABC0037,PRACA_ES_04,Carro,15.36,OK
2026-07-10 23:23:25.985925,ABC0048,PRACA_ES_04,Caminhao,33.08,OK
2026-07-11 00:36:25.985925,ABC0040,PRACA_ES_04,Carro,17.39,OK
2026-07-11 00:39:25.985925,ABC0004,PRACA_MG_03,Carro,15.88,OK
2026-07-11 00:50:25.985925,ABC0001,PRACA_SP_01,Carro,15.64,OK
2026-07-11 01:03:25.985925,ABC0043,PRACA_SP_01,Caminhao,30.92,OK
2026-07-11 01:10:25.985925,ABC0026,PRACA_MG_03,Caminhao,30.62,OK
2026-07-11 01:23:25.985925,ABC0037,PRACA_ES_04,Caminhao,31.28,OK
2026-07-11 03:00:25.985925,ABC0020,PRACA_SP_01,Moto,9.21,OK
2026-07-11 03:17:25.985925,ABC0007,PRACA_RJ_02,Carro,15.69,OK
2026-07-11 04:06:25.985925,ABC0022,PRACA_MG_03,Carro,16.04,OK
2026-07-11 04:29:25.985925,ABC0001,PRACA_ES_04,Carro,16.74,OK
2026-07-11 04:31:25.985925,ABC0012,PRACA_ES_04,Moto,8.08,OK
2026-07-11 05:02:25.985925,ABC0013,PRACA_RJ_02,Onibus,23.41,OK
2026-07-11 05:26:25.985925,ABC0001,PRACA_RJ_02,Caminhao,31.32,OK
2026-07-11 07:11:25.985925,ABC0021,PRACA_SP_01,Caminhao,30.44,OK
2026-07-11 07:47:25.985925,ABC0049,PRACA_SP_01,Carro,14.51,OK
2026-07-11 08:25:25.985925,ABC0044,PRACA_RJ_02,Moto,7.29,OK
2026-07-11 08:25:25.985925,ABC0021,PRACA_RJ_02,Moto,8.42,OK
2026-07-11 08:35:25.985925,ABC0044,PRACA_ES_04,Carro,16.30,OK
2026-07-11 09:04:25.985925,ABC0029,PRACA_MG_03,Moto,6.35,OK
2026-07-11 09:22:25.985925,ABC0023,PRACA_SP_01,Carro,16.09,OK
2026-07-11 10:45:25.985925,ABC0028,PRACA_ES_04,Caminhao,31.99,OK
2026-07-11 11:47:25.985925,ABC0022,PRACA_ES_04,Onibus,24.74,OK
2026-07-11 11:50:25.985925,ABC0013,PRACA_SP_01,Carro,14.25,OK
2026-07-11 12:29:25.985925,ABC0022,PRACA_MG_03,Onibus,26.20,OK
2026-07-11 12:31:25.985925,ABC0026,PRACA_SP_01,Caminhao,33.27,OK
2026-07-11 12:36:25.985925,ABC0035,PRACA_ES_04,Caminhao,30.34,OK
2026-07-11 12:49:25.985925,ABC0048,PRACA_MG_03,Carro,17.43,OK
2026-07-11 12:55:25.985925,ABC0039,PRACA_SP_01,Onibus,25.01,OK
2026-07-11 13:44:25.985925,ABC0036,PRACA_SP_01,Caminhao,32.77,OK
2026-07-11 14:20:25.985925,ABC0042,PRACA_MG_03,Caminhao,31.61,OK
2026-07-11 14:46:25.985925,ABC0017,PRACA_RJ_02,Moto,6.26,OK
2026-07-11 15:25:25.985925,ABC0020,PRACA_RJ_02,Onibus,24.42,OK
2026-07-11 17:00:25.985925,ABC0004,PRACA_SP_01,Onibus,26.08,OK
2026-07-11 17:12:25.985925,ABC0023,PRACA_SP_01,Carro,16.80,OK
2026-07-11 17:45:25.985925,ABC0013,PRACA_MG_03,Onibus,26.91,OK
2026-07-11 18:28:25.985925,ABC0022,PRACA_SP_01,Carro,15.24,OK
2026-07-11 18:35:25.985925,ABC0039,PRACA_RJ_02,Onibus,26.00,OK
2026-07-11 19:01:25.985925,ABC0022,PRACA_ES_04,Caminhao,33.59,OK
2026-07-11 19:12:25.985925,ABC0026,PRACA_MG_03,Carro,17.31,OK
2026-07-11 19:13:25.985925,ABC0042,PRACA_ES_04,Moto,9.64,OK
2026-07-11 19:33:25.985925,ABC0024,PRACA_MG_03,Moto,7.87,OK
2026-07-11 20:03:25.985925,ABC0013,PRACA_SP_01,Moto,8.88,OK
2026-07-11 20:34:25.985925,ABC0030,PRACA_SP_01,Onibus,25.78,OK
2026-07-11 20:47:25.985925,ABC0031,PRACA_MG_03,Caminhao,30.57,OK
2026-07-11 20:49:25.985925,ABC0026,PRACA_ES_04,Caminhao,33.89,OK
2026-07-11 22:01:25.985925,ABC0012,PRACA_RJ_02,Carro,15.57,OK
2026-07-11 22:15:25.985925,ABC0014,PRACA_MG_03,Caminhao,34.00,OK
